sender_email,recipient_email,subject,body,label
bradley.johnson@protonmail.com,lisa.burgess@gmail.com,Action Required: Majority review before 2025-05-25,"Hello Sara, your Syndicate account has been reviewed and updated as of 2025-01-01.",good
jason.giles@msn.com,maria.hess@outlook.com,Re: Discussion on Lawyer scheduled 19:12:29,"Hi Glen, your next billing date is set for 2025-02-03.",good
tracy.williamson@msn.com,vanessa.thompson@yahoo.com,Can we meet to talk about Embrace synergistic users?,"Dear Jeffrey, here’s a summary of your activity in June on Harness.",good
stanley.cantu@yahoo.com,christopher.wolf@protonmail.com,"Important: Engineer cross-platform initiatives update from Myers, Bell and Jones","Hello Jennifer, your Optimize evaluation is complete. Check your inbox on 2025-04-20.",good
james.simmons@msn.com,emily.davis@gmail.com,Reminder: Your appointment on Tuesday,"Dear Theresa, here’s a summary of your activity in October on Engineer.",good
jerry.young@yahoo.com,monica.beard@protonmail.com,"Meeting scheduled with Fisher, Brown and Krueger on 2025-02-20","Hello Amber, your Harness evaluation is complete. Check your inbox on 2025-04-13.",good
lori.stone@hotmail.com,rachel.floyd@protonmail.com,Next steps for Better initiative,"Dear Jason, we appreciate your loyalty to Pratt, Dunn and Contreras. Expect an update by 17:45:28 tomorrow.",good
john.jones@ymail.com,steven.smith@ymail.com,Invitation to Optional eco-centric frame by Miranda Inc,"Hello Gerald, your Cultivate evaluation is complete. Check your inbox on 2025-03-23.",good
alexis.parker@outlook.com,daniel.martin@yahoo.com,Invitation to Organized zero-defect installation by Dixon-Matthews,"Hello Hailey, our team will be in touch by 15:36:31 on 2025-04-05.",good
jerome.hernandez@outlook.com,amanda.wilson@ymail.com,Update: Deliver efficient deliverables milestone on 2025-03-19,"Hello Jonathan, your Incentivize evaluation is complete. Check your inbox on 2025-03-07.",good
tiffany.wood@msn.com,eric.dyer@hotmail.com,Don't miss the Enable sticky solutions from Reese LLC,"Hi Ryan, your Cultivate has been successfully scheduled for delivery to New Adamchester on 2025-03-23.",good
kathryn.doyle@msn.com,amy.miller@yahoo.com,Details regarding the Stand-alone reciprocal secured line you registered for,"Hi Jacqueline, just a quick note from our team at Green, Sanchez and Ortega about your Re-intermediate appointment on 2025-04-30 in New Timothyside.",good
jessica.johnson@ymail.com,eric.johnson@outlook.com,Schedule your session on 2025-03-07,"Hi Sarah, just a quick note from our team at Crawford, Landry and Johnson about your Integrate appointment on 2025-04-17 in West Michele.",good
cheryl.rodriguez@outlook.com,james.sanders@msn.com,Your feedback needed for Syndicate transparent bandwidth,"Hi Patrick, please review the attached summary of your Syndicate scheduled for 2025-02-14.",good
dennis.cooper@msn.com,karen.hall@hotmail.com,Reminder: Your appointment on Tuesday,"Hi Michelle, your next billing date is set for 2025-03-29.",good
daniel.myers@msn.com,julie.adams@outlook.com,Your feedback needed for Synthesize global networks,"Dear Collin, don't forget your appointment at 21:54:25 this December.",good
frank.reed@yahoo.com,sandy.brown@protonmail.com,Agenda for upcoming Streamline efficient networks review,"Hello Andrew, the requested documents will be available by 16:30:39 on 2025-03-15.",good
linda.yu@gmail.com,tammy.hendricks@gmail.com,"Happy to announce Deploy visionary web services from Donovan, Sullivan and Porter","Dear Robert, we've assigned your ticket to our Booth and Sons representative in Richmondton.",good
elizabeth.mack@gmail.com,sara.myers@yahoo.com,Details regarding the Synergistic transitional synergy you registered for,"Hello Mary, our team will be in touch by 00:24:06 on 2025-04-07.",good
brandon.richardson@outlook.com,derrick.castillo@protonmail.com,Update: Grow extensible e-commerce milestone on 2025-05-22,"Hello Sean, we're looking forward to seeing you in Jonathanstad this February at 06:42:59.",good
joshua.gamble@ymail.com,katherine.rogers@msn.com,Re: Appointment confirmation for 2025-02-05,"Hello Kimberly, your monthly report from Weaver LLC is now available.",good
anthony.evans@gmail.com,denise.patterson@msn.com,Re: Discussion on If scheduled 18:36:27,"Dear Ashley, we noticed a recent activity from New Andrew on your Integrate.",good
tracy.barr@outlook.com,christian.gray@ymail.com,Agenda for upcoming Synergize distributed roi review,"Hello James, we're looking forward to seeing you in Port Jenniferfort this July at 16:25:26.",good
heather.leon@outlook.com,dale.walters@ymail.com,Don't miss the Evolve sticky models from Fry Inc,"Hello Sean, your Engineer evaluation is complete. Check your inbox on 2025-05-30.",good
christine.mora@hotmail.com,david.logan@msn.com,Join us for the Morph visionary interfaces this Monday,"Dear James, we've assigned your ticket to our Sanders, Rodriguez and Cantu representative in Port Margaretland.",good
lisa.tate@outlook.com,jamie.solomon@yahoo.com,Can we meet to talk about Incubate frictionless e-business?,"Dear Taylor, we've assigned your ticket to our Gutierrez-Marshall representative in Bellport.",good
donald.west@msn.com,michael.neal@msn.com,Your feedback needed for Architect one-to-one partnerships,"Hello James, your trial for Synergize has been extended through January.",good
lorraine.brown@yahoo.com,nathan.turner@yahoo.com,Happy to announce Transform robust e-tailers from Lambert Inc,"Hello John, the requested documents will be available by 16:57:04 on 2025-04-27.",good
robert.carlson@outlook.com,laura.hughes@yahoo.com,"Important: Incubate compelling partnerships update from Aguilar, Leonard and Fletcher","Hello Jeremy, your Unleash evaluation is complete. Check your inbox on 2025-05-02.",good
nicholas.lowery@ymail.com,michael.henson@hotmail.com,Final call for Experience session on 2025-05-10,"Hi Chad, we’re excited to see you in Port Kerrimouth this December for the Morph workshop.",good
lauren.hudson@ymail.com,samantha.collins@protonmail.com,Details regarding the Team-oriented next generation process improvement you registered for,"Dear Lauren, we've assigned your ticket to our Marshall LLC representative in West Robertoside.",good
denise.baker@msn.com,john.powers@gmail.com,Happy to announce Leverage transparent channels from Adams Inc,"Hello Brooke, please check your calendar for availability in November.",good
tyler.fitzpatrick@msn.com,brandon.lara@gmail.com,Reminder: Your appointment on Thursday,"Hello Maria, please check your calendar for availability in January.",good
jeremy.cross@yahoo.com,catherine.thompson@outlook.com,Update: Iterate seamless methodologies milestone on 2025-01-05,"Dear Todd, we've updated your records in our system as of 2025-04-07.",good
sarah.spencer@ymail.com,virginia.rodriguez@ymail.com,Schedule your session on 2025-03-02,"Hi Jessica, please confirm your availability for our meeting on 2025-01-23 at 22:41:37.",good
jennifer.torres@hotmail.com,jennifer.patterson@protonmail.com,Final call for Think session on 2025-01-10,"Hi Emily, we hope to see you at our event in Cowanside on 2025-02-15.",good
alexander.brown@hotmail.com,marco.myers@protonmail.com,See you at the Configurable zero tolerance Graphical User Interface!,"Dear Amber, we noticed a recent activity from Lake Angela on your Re-contextualize.",good
bethany.pierce@yahoo.com,dwayne.horne@gmail.com,Next steps for Be initiative,"Hello Daniel, we're looking forward to seeing you in Lake Michelle this July at 07:59:32.",good
jessica.lopez@gmail.com,brooke.mitchell@ymail.com,Agenda for upcoming Scale turn-key vortals review,"Hello Alexander, your monthly report from Olson, Wagner and Mahoney is now available.",good
michele.castillo@gmail.com,donna.jones@yahoo.com,Join us for the Enhance plug-and-play action-items this Tuesday,"Hi Fernando, we’re excited to see you in Ashleymouth this September for the Deploy workshop.",good
grace.frost@outlook.com,william.galvan@outlook.com,Upcoming Function-based context-sensitive capability this Sunday,"Hello Jason, please download your receipt from Stephens-Thomas dated 2025-01-13.",good
john.foley@hotmail.com,christina.ewing@ymail.com,Details regarding the Intuitive foreground moratorium you registered for,"Hello Thomas, please check your calendar for availability in March.",good
robin.baxter@hotmail.com,matthew.miller@hotmail.com,Quick reminder: Front-line uniform moderator on July 2025-05-01,"Dear Kenneth, we've updated your records in our system as of 2025-01-02.",good
edward.maxwell@protonmail.com,ryan.moore@hotmail.com,Action Required: Fish review before 2025-03-09,"Greetings Jose, this is to inform you of your updated Maximize status from Mcclain-Smith as of 2025-04-09.",good
lacey.rivera@ymail.com,timothy.gallagher@ymail.com,Meeting scheduled with Rhodes-Jackson on 2025-03-28,"Hi Daniel, we're confirming your attendance to our Iterate training in West Shannon.",good
emily.robinson@outlook.com,john.jackson@protonmail.com,Let's discuss Skin at 09:37:20,"Hello William, please check your calendar for availability in August.",good
wendy.barnes@ymail.com,patricia.rivera@protonmail.com,Invitation to User-centric mission-critical complexity by Rose-Barry,"Hello Joyce, a reminder about your scheduled check-in with Terry PLC this February.",good
nina.mcguire@hotmail.com,edward.hendricks@yahoo.com,You're invited: Exclusive client-server artificial intelligence on 2025-01-01,"Hi Grace, please confirm your availability for our meeting on 2025-01-29 at 12:56:21.",good
caitlin.bishop@msn.com,tyler.miller@gmail.com,Join us for the Synergize enterprise metrics this Tuesday,"Hi Paul, we're happy to announce a new upgrade to Brand, launching on 2025-01-27.",good
robert.thomas@yahoo.com,brandy.brown@protonmail.com,Details regarding the Enterprise-wide mission-critical core you registered for,"Dear David, we've updated your records in our system as of 2025-04-27.",good
melissa.carey@protonmail.com,mark.thornton@outlook.com,You're invited: Vision-oriented content-based complexity on 2025-05-08,"Hi Susan, your scheduled visit to Delgado and Sons is confirmed for 2025-03-05.",good
jerome.duncan@hotmail.com,chris.scott@gmail.com,Upcoming Open-architected non-volatile secured line this Thursday,"Hi Connor, we're happy to announce a new upgrade to Leverage, launching on 2025-04-21.",good
nicole.miller@hotmail.com,michelle.walsh@protonmail.com,See you at the De-engineered intangible encryption!,"Hi Angela, just checking in regarding your experience with E-enable in Jamieton.",good
philip.dunlap@ymail.com,rachel.brown@hotmail.com,Invitation to Advanced 4thgeneration policy by Ball-Garcia,"Dear Jeffery, we’ve received your form and will contact you by 01:57:09 on 2025-05-05.",good
james.shaffer@protonmail.com,jonathan.doyle@msn.com,"Meeting scheduled with Ramirez, Curtis and Young on 2025-02-05","Hi David, your scheduled visit to Hernandez, Nash and Richard is confirmed for 2025-02-14.",good
timothy.gonzalez@hotmail.com,joseph.gonzales@protonmail.com,Final call for Trip session on 2025-05-10,"Dear John, we've assigned your ticket to our Clark-Jimenez representative in West Michaelberg.",good
steven.rodriguez@hotmail.com,carlos.singh@msn.com,Schedule your session on 2025-01-08,"Dear Amanda, please join us at Sandoval, Collins and Travis's online session on 2025-06-07.",good
melissa.roberts@protonmail.com,jonathan.thomas@hotmail.com,Re: Discussion on Explain scheduled 05:21:21,"Hello Scott, we're looking forward to seeing you in West Ronald this May at 20:11:42.",good
sarah.reyes@gmail.com,samantha.roberson@yahoo.com,Re: Appointment confirmation for 2025-05-09,"Hello Nathan, please check your calendar for availability in June.",good
nathan.nelson@protonmail.com,melissa.williams@ymail.com,Details regarding the Future-proofed next generation projection you registered for,"Hello Jerry, your order from Johnson, Walker and Cohen will arrive in Veronicaview on 2025-01-29.",good
sarah.medina@yahoo.com,donna.murphy@hotmail.com,Join us for the Enable plug-and-play communities this Monday,"Dear Nathan, we appreciate your loyalty to Schmitt-Williams. Expect an update by 19:03:26 tomorrow.",good
mary.downs@hotmail.com,aaron.carroll@protonmail.com,Reminder: Your appointment on Tuesday,"Hi Sean, we’re excited to see you in East Tiffany this September for the E-enable workshop.",good
laura.daniels@yahoo.com,holly.shaw@gmail.com,Monthly summary of Leverage 24/7 e-tailers - October,"Hi Jenny, your Incentivize has been successfully scheduled for delivery to North Donna on 2025-04-06.",good
thomas.anderson@ymail.com,danny.anderson@outlook.com,Next steps for Safe initiative,"Hello Margaret, the requested documents will be available by 19:50:25 on 2025-02-01.",good
annette.riley@ymail.com,donald.johnson@yahoo.com,Happy to announce Benchmark out-of-the-box portals from Gates-Collins,"Dear Keith, we’re preparing your shipment to Jamesberg and it should arrive by 2025-05-30.",good
kurt.jordan@hotmail.com,ashley.bell@gmail.com,Can we meet to talk about Productize best-of-breed portals?,"Hi Theresa, your scheduled call with Hinton, Davidson and Myers is on 2025-03-19 at 01:44:30.",good
cathy.hill@ymail.com,samuel.henderson@gmail.com,Agenda for upcoming Maximize bricks-and-clicks technologies review,"Hello Lisa, the requested documents will be available by 19:00:36 on 2025-05-15.",good
jennifer.cox@protonmail.com,nicole.george@gmail.com,Details regarding the Managed fresh-thinking functionalities you registered for,"Hello Allison, your password reset link was sent at 09:09:20 today.",good
chelsea.hammond@hotmail.com,kathryn.anderson@yahoo.com,Let's discuss Expert at 09:13:18,"Dear Jeffrey, we've updated your records in our system as of 2025-05-23.",good
christopher.castillo@gmail.com,joshua.lutz@gmail.com,"Don't miss the Deliver magnetic functionalities from Molina, Wallace and Sims","Dear Michael, thanks for participating in our Streamline beta in Rodriguezberg.",good
john.burke@msn.com,lucas.snyder@outlook.com,"Meeting scheduled with Barajas, Patel and King on 2025-04-15","Hi Ralph, just checking in regarding your experience with Drive in Port Melissafurt.",good
joshua.anderson@hotmail.com,thomas.garrett@yahoo.com,"Meeting scheduled with Valdez, Cooke and Bennett on 2025-05-08","Dear Alejandra, here’s a summary of your activity in December on Synergize.",good
john.west@gmail.com,jason.wilson@ymail.com,Can we meet to talk about Leverage one-to-one communities?,"Dear Courtney, we've assigned your ticket to our Miller-Fuller representative in Howellland.",good
randy.larson@hotmail.com,linda.atkinson@msn.com,Monthly summary of Orchestrate out-of-the-box applications - December,"Hi Christine, your Syndicate has been successfully scheduled for delivery to South Michele on 2025-04-11.",good
richard.jones@msn.com,lauren.hunter@ymail.com,"Don't miss the Expedite global initiatives from Lambert, Johnson and Doyle","Dear Carla, please join us at Baker Group's online session on 2025-02-24.",good
mark.stewart@outlook.com,tracy.potts@outlook.com,Quick reminder: Re-contextualized maximized strategy on November 2025-01-10,"Hello Cheryl, please check your calendar for availability in March.",good
sarah.perez@hotmail.com,danielle.porter@msn.com,Agenda for upcoming Target revolutionary web services review,"Hi Glen, your scheduled call with Roth-Smith is on 2025-03-28 at 19:49:52.",good
christopher.bailey@protonmail.com,patricia.johnson@yahoo.com,"Important: Transition compelling deliverables update from Woods, Case and Shelton","Hi Brandy, just confirming your upcoming meeting at Martin Inc in Mcguirehaven this August.",good
bryce.campos@outlook.com,amanda.carlson@protonmail.com,Upcoming Digitized fresh-thinking neural-net this Monday,"Hi Keith, we hope you're enjoying your experience with Empower. Let us know how we did!",good
connie.harris@outlook.com,heather.hendrix@protonmail.com,Quick reminder: Future-proofed executive database on March 2025-04-27,"Dear Kelsey, thank you for contacting George Group. We'll reach out again by 2025-03-08.",good
charles.miller@msn.com,ashley.mccullough@yahoo.com,Schedule your session on 2025-02-08,"Greetings Mary, this is to inform you of your updated Envisioneer status from Reed, Lewis and Williams as of 2025-05-02.",good
garrett.larson@outlook.com,dennis.jenkins@outlook.com,Re: Appointment confirmation for 2025-04-14,"Dear Joshua, thank you for choosing Watts PLC. Your service will activate on 2025-03-27.",good
robert.hernandez@hotmail.com,albert.pittman@ymail.com,Upcoming Quality-focused 5thgeneration focus group this Sunday,"Dear Karen, we've updated your records in our system as of 2025-02-01.",good
jennifer.gonzalez@gmail.com,tracy.lee@hotmail.com,Monthly summary of Monetize scalable e-tailers - December,"Hello Kimberly, our team will be in touch by 13:17:29 on 2025-05-13.",good
mary.lawson@ymail.com,robert.carter@msn.com,Update: Maximize visionary applications milestone on 2025-05-01,"Hi Samuel, your next billing date is set for 2025-06-03.",good
jacob.rangel@yahoo.com,victoria.patel@msn.com,Re: Appointment confirmation for 2025-01-21,"Hi Angela, we're confirming your attendance to our Visualize training in Lake Wesley.",good
rita.bell@hotmail.com,kelli.matthews@yahoo.com,See you at the Focused holistic infrastructure!,"Hi Emily, we're happy to announce a new upgrade to Engage, launching on 2025-06-02.",good
ashley.glass@msn.com,steven.dennis@protonmail.com,New updates about Productize from Tran-Spencer,"Hello Steven, your trial for Deploy has been extended through March.",good
amber.ruiz@outlook.com,cynthia.fox@hotmail.com,"Don't miss the Innovate extensible models from Lowery, Hester and Humphrey","Hi Jennifer, just checking in regarding your experience with Engage in Jonesside.",good
lisa.jarvis@msn.com,sandra.allen@msn.com,Final call for Other session on 2025-02-23,"Hello Krista, your order from Gordon Inc will arrive in Foxmouth on 2025-02-26.",good
charles.guerrero@yahoo.com,leslie.johnson@yahoo.com,Final call for Establish session on 2025-02-06,"Hi Rachel, we hope to see you at our event in East Emilyfort on 2025-02-05.",good
jesse.hughes@gmail.com,julia.peterson@ymail.com,Reminder: Your appointment on Tuesday,"Hi Curtis, your Scale has been successfully scheduled for delivery to Elijahburgh on 2025-04-11.",good
stacey.meyer@protonmail.com,steven.thompson@outlook.com,Upcoming Optimized foreground model this Saturday,"Hi Kyle, please confirm your availability for our meeting on 2025-01-01 at 13:36:40.",good
andrew.hernandez@ymail.com,brittany.jones@hotmail.com,You're invited: Self-enabling dedicated data-warehouse on 2025-02-17,"Hi Stephanie, we’re excited to see you in North Alexa this January for the Envisioneer workshop.",good
jerome.frederick@msn.com,raymond.walton@gmail.com,Details regarding the Multi-channeled bottom-line protocol you registered for,"Hello Cristian, your password reset link was sent at 18:11:07 today.",good
tyler.lee@protonmail.com,samantha.calderon@outlook.com,Important: Syndicate killer convergence update from Rojas Group,"Hi Jackie, we hope you're enjoying your experience with Implement. Let us know how we did!",good
jennifer.kelly@ymail.com,sheila.williams@msn.com,"Happy to announce Target robust networks from Collins, Mack and Green","Hello Jacqueline, your trial for Revolutionize has been extended through February.",good
jason.mitchell@yahoo.com,cody.morrison@outlook.com,You're invited: Diverse maximized productivity on 2025-01-12,"Dear Alex, we’ve received your form and will contact you by 02:41:23 on 2025-06-10.",good
destiny.franco@protonmail.com,michelle.wallace@ymail.com,Next steps for Respond initiative,"Hi Paul, we hope you're enjoying your experience with Unleash. Let us know how we did!",good
david.dixon@ymail.com,nathaniel.beltran@hotmail.com,Join us for the Revolutionize back-end metrics this Sunday,"Dear John, we've assigned your ticket to our Jackson, Cochran and Fernandez representative in Blakeborough.",good
kurt.mccullough@yahoo.com,mary.garcia@outlook.com,Monthly summary of Redefine magnetic mindshare - April,"Dear Jason, thanks for participating in our Repurpose beta in North Juliehaven.",good
samantha.hunt@yahoo.com,william.orozco@msn.com,Update: Drive granular methodologies milestone on 2025-02-02,"Hi Pamela, we hope you're enjoying your experience with Architect. Let us know how we did!",good
charles.johnson@protonmail.com,daniel.hill@hotmail.com,Monthly summary of Seize next-generation partnerships - November,"Hi Roy, we hope to see you at our event in Stewartburgh on 2025-03-30.",good
janice.barton@yahoo.com,sonya.ross@protonmail.com,You're invited: Business-focused 24hour core on 2025-06-02,"Hello Brenda, your trial for Syndicate has been extended through March.",good
aaron.taylor@ymail.com,theresa.singleton@outlook.com,Schedule your session on 2025-02-20,"Hi Donald, your next billing date is set for 2025-01-16.",good
christian.ross@gmail.com,gabrielle.wolf@hotmail.com,Happy to announce Facilitate front-end e-services from Mcgee-Moore,"Hi Dawn, just a quick note from our team at Griffin PLC about your Optimize appointment on 2025-03-28 in Melissaberg.",good
nicole.williams@ymail.com,nancy.neal@yahoo.com,Agenda for upcoming Repurpose bleeding-edge architectures review,"Hello Craig, our team will be in touch by 12:02:03 on 2025-03-06.",good
linda.brown@outlook.com,jennifer.bell@gmail.com,Let's discuss Bar at 02:19:10,"Dear Brooke, we appreciate your loyalty to Bond-Wolf. Expect an update by 04:05:14 tomorrow.",good
nicholas.benson@msn.com,jeffrey.brown@protonmail.com,New updates about Deploy from Webster Ltd,"Dear Robert, here’s a summary of your activity in August on Expedite.",good
jorge.fuentes@outlook.com,kathryn.meadows@gmail.com,Schedule your session on 2025-02-06,"Hello Joel, we're looking forward to seeing you in Janiceside this May at 13:10:40.",good
justin.fox@hotmail.com,stacy.brown@hotmail.com,Quick reminder: Cross-group homogeneous success on October 2025-02-10,"Hi Amanda, just a quick note from our team at Cook-Rosales about your Envisioneer appointment on 2025-04-19 in Frazierchester.",good
luke.barrett@outlook.com,cynthia.hernandez@gmail.com,Update: Visualize magnetic e-services milestone on 2025-02-17,"Hello Matthew, your Iterate account has been reviewed and updated as of 2025-01-12.",good
jacqueline.johnson@hotmail.com,daniel.dennis@outlook.com,Final call for Against session on 2025-04-04,"Dear Jennifer, we appreciate your loyalty to Hernandez, Roach and Harrison. Expect an update by 17:32:39 tomorrow.",good
debra.salinas@yahoo.com,timothy.rodriguez@gmail.com,"Invitation to Profit-focused real-time concept by Barajas, Singh and Garcia","Dear Richard, we've assigned your ticket to our Saunders PLC representative in North Luis.",good
kelly.green@protonmail.com,michael.walton@gmail.com,Your feedback needed for Iterate wireless communities,"Dear Carla, thank you for choosing Johnson-Mercado. Your service will activate on 2025-04-03.",good
james.williams@protonmail.com,samantha.joseph@gmail.com,"Invitation to Synergistic directional interface by Johnson, Gomez and Goodwin","Dear Jade, we've assigned your ticket to our Young, Mosley and Williams representative in Levifurt.",good
kristina.flores@hotmail.com,aaron.compton@yahoo.com,Update: Maximize holistic experiences milestone on 2025-02-18,"Hello Lisa, your Visualize account has been reviewed and updated as of 2025-05-05.",good
natalie.martinez@msn.com,cynthia.melton@yahoo.com,Upcoming Team-oriented client-driven paradigm this Saturday,"Dear Seth, thank you for choosing Berry, Reeves and Turner. Your service will activate on 2025-04-23.",good
malik.guzman@yahoo.com,tiffany.sanchez@ymail.com,Next steps for Off initiative,"Hi James, we hope you're enjoying your experience with Productize. Let us know how we did!",good
gregory.lowe@hotmail.com,dennis.smith@yahoo.com,New updates about Monetize from Tran LLC,"Hello Michael, your trial for Architect has been extended through January.",good
richard.lewis@msn.com,ashley.murphy@msn.com,Next steps for Keep initiative,"Hello Gerald, the requested documents will be available by 18:52:16 on 2025-06-09.",good
karen.byrd@outlook.com,courtney.curry@ymail.com,Re: Discussion on Determine scheduled 05:04:04,"Hi Brandon, please review the attached summary of your Whiteboard scheduled for 2025-05-18.",good
paul.nichols@outlook.com,jack.wilson@protonmail.com,Join us for the Productize synergistic schemas this Saturday,"Hi Rhonda, just confirming your upcoming meeting at Wheeler-Roach in New Amandashire this March.",good
gary.myers@outlook.com,christopher.harrell@outlook.com,"Happy to announce Synergize dot-com interfaces from Ray, Chase and Espinoza","Hello Jared, your password reset link was sent at 11:25:52 today.",good
amy.ramos@yahoo.com,sarah.vargas@hotmail.com,Re: Appointment confirmation for 2025-02-05,"Hello Steven, the requested documents will be available by 16:44:51 on 2025-05-05.",good
amy.duffy@gmail.com,adam.mora@msn.com,You're invited: Organic well-modulated array on 2025-05-24,"Hello Natalie, a reminder about your scheduled check-in with Burgess, Mclaughlin and Thompson this July.",good
mary.sheppard@ymail.com,maurice.johnson@msn.com,Next steps for Few initiative,"Dear Justin, don't forget your appointment at 10:24:06 this August.",good
april.brown@ymail.com,robert.vargas@hotmail.com,Reminder: Your appointment on Monday,"Dear Natalie, please join us at Rasmussen PLC's online session on 2025-05-21.",good
victoria.tapia@ymail.com,crystal.carey@outlook.com,Update: Unleash open-source deliverables milestone on 2025-01-17,"Hi Elizabeth, just a quick note from our team at Hunt-Schneider about your Synergize appointment on 2025-05-10 in East Elizabeth.",good
cassie.mccarty@gmail.com,adam.dickerson@hotmail.com,Re: Discussion on Machine scheduled 15:20:17,"Hi Patrick, please confirm your availability for our meeting on 2025-01-02 at 13:51:49.",good
robert.gibson@gmail.com,richard.morris@msn.com,You're invited: Multi-layered hybrid migration on 2025-05-24,"Dear William, thanks for participating in our Innovate beta in East Jesse.",good
arthur.wilson@protonmail.com,scott.scott@yahoo.com,You're invited: Robust zero-defect framework on 2025-02-01,"Hello Lindsey, your password reset link was sent at 23:12:12 today.",good
suzanne.anderson@outlook.com,caitlin.kerr@msn.com,Details regarding the Devolved demand-driven analyzer you registered for,"Hello Nathaniel, your Strategize account has been reviewed and updated as of 2025-02-02.",good
stephanie.wright@ymail.com,jill.callahan@outlook.com,"New updates about Evolve from Powers, Cain and Hood","Hi Raymond, your next billing date is set for 2025-03-13.",good
danny.horton@protonmail.com,heather.prince@ymail.com,Monthly summary of Expedite cross-media partnerships - December,"Dear Danny, here’s a summary of your activity in June on Engineer.",good
bradley.fleming@yahoo.com,shirley.parker@yahoo.com,Don't miss the Deploy web-enabled vortals from Davis-Miller,"Hello Barbara, the requested documents will be available by 01:32:32 on 2025-03-31.",good
derek.lewis@ymail.com,laura.burns@hotmail.com,Action Required: Vote review before 2025-01-02,"Hi Elizabeth, just checking in regarding your experience with Architect in New Holly.",good
stephanie.bond@ymail.com,jessica.castillo@msn.com,Can we meet to talk about Brand ubiquitous e-tailers?,"Hello Jessica, your Enable evaluation is complete. Check your inbox on 2025-05-18.",good
michael.davis@ymail.com,amanda.hernandez@gmail.com,Quick reminder: Programmable responsive website on August 2025-01-03,"Hello Katie, your monthly report from Haney-Jordan is now available.",good
mary.delgado@yahoo.com,david.kramer@gmail.com,Invitation to Digitized 3rdgeneration core by Holland-Cox,"Dear Shane, we’re preparing your shipment to Beckton and it should arrive by 2025-04-17.",good
jennifer.sloan@msn.com,dean.montgomery@protonmail.com,Join us for the Generate 24/365 relationships this Monday,"Dear Kevin, we appreciate your loyalty to Murphy-Chambers. Expect an update by 14:13:45 tomorrow.",good
zachary.flores@msn.com,shelby.mitchell@yahoo.com,"New updates about Mesh from Mcclure, Jackson and Henderson","Dear Karen, thanks for participating in our Synergize beta in Patriciaville.",good
willie.garrison@protonmail.com,jennifer.brown@outlook.com,Don't miss the Drive transparent web services from Garcia-Ramirez,"Hi Charles, just a quick note from our team at Jenkins, Gibbs and Schroeder about your Enhance appointment on 2025-04-01 in North Jared.",good
toni.sullivan@ymail.com,joshua.craig@protonmail.com,Let's discuss Full at 23:51:14,"Hi Christopher, we're happy to announce a new upgrade to Brand, launching on 2025-03-19.",good
grace.woods@protonmail.com,peter.manning@msn.com,Re: Appointment confirmation for 2025-03-19,"Dear Seth, thanks for participating in our Syndicate beta in Joshuastad.",good
joe.knapp@msn.com,aimee.wolfe@ymail.com,Upcoming Centralized fault-tolerant customer loyalty this Tuesday,"Hi Tyler, just a quick note from our team at Shields, Barrett and Ortiz about your Matrix appointment on 2025-03-27 in Amandaberg.",good
brianna.jones@hotmail.com,charles.bruce@msn.com,Your feedback needed for Mesh virtual e-services,"Dear Carlos, thanks for participating in our Repurpose beta in West Kennethside.",good
jeremy.moore@hotmail.com,kathleen.brady@protonmail.com,Schedule your session on 2025-05-19,"Dear Tyler, don't forget your appointment at 16:24:37 this March.",good
shawn.mcdonald@protonmail.com,jamie.townsend@hotmail.com,Monthly summary of Envisioneer strategic web services - February,"Dear Terri, we’ve received your form and will contact you by 15:48:01 on 2025-01-23.",good
eric.black@outlook.com,ray.wilson@hotmail.com,Schedule your session on 2025-02-04,"Dear Leonard, we’re preparing your shipment to West John and it should arrive by 2025-03-18.",good
mary.conner@hotmail.com,lauren.arnold@hotmail.com,New updates about Generate from Crawford-Ray,"Hi Erin, we hope to see you at our event in Port Antonioborough on 2025-03-02.",good
lindsay.jackson@outlook.com,angela.williams@gmail.com,Final call for Card session on 2025-01-27,"Hello John, please download your receipt from Davis Ltd dated 2025-04-07.",good
sheena.schultz@gmail.com,erik.hall@msn.com,Invitation to Open-source content-based forecast by Stanley PLC,"Hi Melissa, we’re excited to see you in Port Courtneyfurt this June for the Morph workshop.",good
mary.kemp@msn.com,antonio.young@msn.com,Meeting scheduled with Silva Ltd on 2025-05-18,"Hello Brian, your Synthesize account has been reviewed and updated as of 2025-01-04.",good
suzanne.mullen@outlook.com,tamara.prince@msn.com,Monthly summary of Revolutionize front-end eyeballs - December,"Hi Sharon, we're confirming your attendance to our Redefine training in Jasonbury.",good
frank.willis@gmail.com,charlene.thornton@ymail.com,Next steps for Must initiative,"Hello Lynn, a reminder about your scheduled check-in with Patrick PLC this November.",good
tina.thomas@yahoo.com,jill.mclaughlin@ymail.com,Important: Incentivize e-business e-tailers update from Pineda Group,"Dear Lori, we noticed a recent activity from East Kevinfurt on your Exploit.",good
joshua.martin@hotmail.com,dawn.mccoy@hotmail.com,"Important: Exploit mission-critical action-items update from Walker, Brewer and Williams","Hi Jason, we hope you're enjoying your experience with Streamline. Let us know how we did!",good
christian.guerrero@hotmail.com,ashley.alexander@ymail.com,Don't miss the E-enable cross-platform methodologies from Hernandez-Garcia,"Dear Heather, we've updated your records in our system as of 2025-01-18.",good
kathy.wilkinson@yahoo.com,george.roth@yahoo.com,Important: Deploy b2c metrics update from Farmer-Jackson,"Hi Nicholas, your scheduled call with Wagner, Smith and Dennis is on 2025-06-04 at 06:16:51.",good
elizabeth.wilson@msn.com,jamie.graves@protonmail.com,You're invited: Compatible grid-enabled time-frame on 2025-02-24,"Hi Christopher, your next billing date is set for 2025-02-20.",good
jesse.howard@msn.com,jack.edwards@protonmail.com,Next steps for Girl initiative,"Hi Jeffery, we hope to see you at our event in North Paulmouth on 2025-02-01.",good
wayne.ray@gmail.com,michael.ray@protonmail.com,Can we meet to talk about Whiteboard leading-edge relationships?,"Greetings Steven, this is to inform you of your updated Maximize status from Frederick-Harris as of 2025-03-10.",good
david.coleman@yahoo.com,steven.jackson@outlook.com,New updates about Revolutionize from Blair Ltd,"Hi Timothy, please confirm your availability for our meeting on 2025-03-16 at 12:34:17.",good
anthony.donaldson@msn.com,haley.thompson@hotmail.com,Let's discuss Experience at 18:23:19,"Hi Sarah, we hope to see you at our event in East Jasonview on 2025-01-14.",good
robert.sanchez@gmail.com,stephanie.heath@msn.com,Can we meet to talk about Synergize end-to-end web services?,"Dear Charles, thank you for choosing Esparza, Gardner and Reed. Your service will activate on 2025-04-22.",good
james.ramsey@ymail.com,brian.osborn@protonmail.com,Next steps for Scientist initiative,"Hello Joseph, your trial for Target has been extended through December.",good
brian.meyers@hotmail.com,andrew.espinoza@gmail.com,Schedule your session on 2025-03-23,"Hi Sarah, just checking in regarding your experience with Target in Lake Sarahside.",good
charles.simpson@gmail.com,michael.chambers@hotmail.com,"Happy to announce Generate viral vortals from Wright, Klein and Quinn","Hi Ethan, we're confirming your attendance to our Repurpose training in Scottchester.",good
debbie.payne@hotmail.com,matthew.martinez@msn.com,Meeting scheduled with Benjamin Inc on 2025-01-23,"Hi Dennis, please review the attached summary of your Redefine scheduled for 2025-03-11.",good
david.harris@hotmail.com,gerald.long@gmail.com,Meeting scheduled with Moore PLC on 2025-03-24,"Hello Tonya, please check your calendar for availability in September.",good
theresa.hunt@protonmail.com,mallory.garcia@yahoo.com,Meeting scheduled with Allen-Larson on 2025-03-21,"Hello Katherine, your trial for Exploit has been extended through September.",good
michelle.flores@yahoo.com,vicki.ellis@ymail.com,Don't miss the Utilize efficient platforms from Castro Ltd,"Hello Yvette, the requested documents will be available by 19:38:13 on 2025-04-04.",good
tamara.hayes@protonmail.com,jessica.hodges@hotmail.com,Re: Appointment confirmation for 2025-01-28,"Dear Shelby, we appreciate your loyalty to Schultz Group. Expect an update by 12:27:56 tomorrow.",good
stephen.luna@msn.com,brittany.cole@protonmail.com,Final call for Interview session on 2025-01-03,"Hi Robert, we hope you're enjoying your experience with Morph. Let us know how we did!",good
tim.graham@outlook.com,lindsey.jones@ymail.com,Can we meet to talk about Visualize revolutionary supply-chains?,"Hi Brianna, just checking in regarding your experience with Incentivize in Davidtown.",good
elizabeth.moss@yahoo.com,julia.lee@ymail.com,Re: Discussion on Experience scheduled 21:29:28,"Hi Laurie, we're happy to announce a new upgrade to Iterate, launching on 2025-03-05.",good
maria.martin@yahoo.com,john.hanson@yahoo.com,Let's discuss Indeed at 18:19:50,"Hello Corey, our team will be in touch by 21:54:48 on 2025-04-30.",good
john.wolf@hotmail.com,vanessa.bruce@yahoo.com,Update: Synergize impactful relationships milestone on 2025-05-31,"Dear Matthew, we've updated your records in our system as of 2025-05-21.",good
david.mahoney@protonmail.com,patricia.snyder@gmail.com,Meeting scheduled with Moore and Sons on 2025-03-10,"Dear Alexander, we’ve received your form and will contact you by 02:28:31 on 2025-03-16.",good
chase.taylor@msn.com,david.gonzalez@hotmail.com,Schedule your session on 2025-02-27,"Dear Michael, we’ve received your form and will contact you by 02:30:29 on 2025-05-05.",good
robert.cooper@ymail.com,brenda.martin@msn.com,Schedule your session on 2025-03-15,"Hello Daniel, our team will be in touch by 01:07:37 on 2025-05-22.",good
brittany.daniel@gmail.com,shawn.jones@protonmail.com,Reminder: Your appointment on Thursday,"Hello Chad, we're looking forward to seeing you in North Christopherton this January at 13:29:41.",good
toni.spencer@msn.com,patrick.rose@protonmail.com,New updates about Transition from Stevens-Castro,"Hi Carrie, please review the attached summary of your Redefine scheduled for 2025-03-18.",good
nicholas.powell@msn.com,michael.parker@hotmail.com,Re: Appointment confirmation for 2025-02-05,"Hello Alicia, we're looking forward to seeing you in East Samuel this May at 15:02:49.",good
linda.fox@msn.com,katrina.lopez@outlook.com,"Important: Exploit virtual solutions update from Vazquez, Evans and Michael","Hello James, your password reset link was sent at 13:05:35 today.",good
manuel.johnson@yahoo.com,jose.santos@yahoo.com,Join us for the Re-contextualize robust experiences this Sunday,"Hello Jennifer, your Deliver evaluation is complete. Check your inbox on 2025-02-26.",good
stephanie.hebert@ymail.com,justin.walters@protonmail.com,Reminder: Your appointment on Thursday,"Hello Jennifer, please download your receipt from Schneider, Garcia and Hardin dated 2025-06-10.",good
mariah.chan@gmail.com,rachel.williamson@hotmail.com,Upcoming Visionary web-enabled frame this Friday,"Dear Rita, please join us at Howard, Kennedy and Fox's online session on 2025-02-20.",good
kevin.walter@ymail.com,michael.thomas@msn.com,Final call for Old session on 2025-03-11,"Hi Sandra, we're happy to announce a new upgrade to Productize, launching on 2025-04-22.",good
patricia.johnson@hotmail.com,bryan.ward@ymail.com,Upcoming Polarized foreground frame this Saturday,"Greetings Fernando, this is to inform you of your updated Synergize status from Rodriguez Group as of 2025-05-08.",good
kyle.murray@outlook.com,aaron.wolf@outlook.com,Details regarding the User-centric asymmetric initiative you registered for,"Hello Suzanne, please check your calendar for availability in March.",good
alyssa.odom@gmail.com,greg.reed@gmail.com,See you at the Re-contextualized transitional Graphic Interface!,"Hi Jennifer, just a quick note from our team at Brown Group about your Whiteboard appointment on 2025-04-01 in Vincenthaven.",good
leonard.nichols@hotmail.com,ronald.ramos@protonmail.com,Join us for the Brand plug-and-play e-business this Saturday,"Hi Hannah, please review the attached summary of your Iterate scheduled for 2025-04-29.",good
steven.carter@ymail.com,michael.harris@ymail.com,Happy to announce Empower real-time bandwidth from Camacho Group,"Hello Ariana, please download your receipt from Olson-Hall dated 2025-02-04.",good
adam.greene@yahoo.com,deborah.thornton@ymail.com,Let's discuss Reach at 00:27:56,"Dear Anne, don't forget your appointment at 05:47:13 this May.",good
connie.montgomery@msn.com,jeremy.roman@protonmail.com,Invitation to Enhanced intermediate database by Benitez-Wolf,"Hi Frances, we're confirming your attendance to our Facilitate training in Woodardhaven.",good
kristen.drake@protonmail.com,krista.peters@gmail.com,Next steps for Page initiative,"Dear Marcus, we noticed a recent activity from Darlenechester on your Whiteboard.",good
tara.mclaughlin@outlook.com,susan.murphy@outlook.com,Invitation to Down-sized scalable Local Area Network by Hernandez LLC,"Dear Alexander, we’ve received your form and will contact you by 11:22:13 on 2025-06-10.",good
mariah.williams@outlook.com,cindy.clark@protonmail.com,See you at the Reactive stable array!,"Hi Elizabeth, your Enable has been successfully scheduled for delivery to Royberg on 2025-04-07.",good
pamela.parker@msn.com,rose.hayes@hotmail.com,Action Required: Blood review before 2025-04-07,"Dear Jonathan, we’re preparing your shipment to Terryview and it should arrive by 2025-01-21.",good
michael.collins@msn.com,robert.rogers@hotmail.com,Schedule your session on 2025-01-17,"Hello Justin, please check your calendar for availability in November.",good
lisa.woods@outlook.com,warren.gomez@gmail.com,Invitation to Future-proofed background strategy by Greer LLC,"Dear Dana, please join us at Bailey Ltd's online session on 2025-05-25.",good
richard.cooper@yahoo.com,amy.martin@msn.com,Reminder: Your appointment on Tuesday,"Hi Scott, we hope you're enjoying your experience with Transition. Let us know how we did!",good
nathan.green@protonmail.com,carl.morgan@hotmail.com,You're invited: Reduced optimal open system on 2025-03-02,"Hi Kathryn, we hope to see you at our event in New Oscarhaven on 2025-03-09.",good
hector.thompson@protonmail.com,heather.jones@yahoo.com,Next steps for Leader initiative,"Hi Brittany, just a quick note from our team at Robinson-Greer about your Scale appointment on 2025-01-11 in Morrisonland.",good
john.tucker@gmail.com,jonathan.dunn@yahoo.com,Re: Appointment confirmation for 2025-03-03,"Hello Kevin, your order from Dudley-Roberts will arrive in Waltonberg on 2025-03-05.",good
susan.ramirez@msn.com,douglas.soto@protonmail.com,"Meeting scheduled with Wallace, Summers and Stark on 2025-03-16","Hi Brian, just checking in regarding your experience with Strategize in Stonefort.",good
james.cain@protonmail.com,michael.williams@outlook.com,Next steps for Girl initiative,"Hi Kenneth, we're happy to announce a new upgrade to Leverage, launching on 2025-03-17.",good
connie.romero@yahoo.com,tammy.farmer@gmail.com,"New updates about Whiteboard from Rice, Walls and Hendricks","Dear William, don't forget your appointment at 15:27:55 this December.",good
megan.shepherd@yahoo.com,brandon.brown@msn.com,Action Required: This review before 2025-01-09,"Hi Emma, we've attached the agenda for the upcoming call with Butler, Walsh and Mclaughlin.",good
michael.king@outlook.com,jennifer.jones@ymail.com,Your feedback needed for Morph rich platforms,"Dear Alicia, we've assigned your ticket to our Palmer and Sons representative in West Lauren.",good
brian.petty@outlook.com,sandra.harper@ymail.com,Quick reminder: Future-proofed tangible installation on August 2025-02-22,"Hi Lisa, your scheduled call with Ramos, Mcgee and Foster is on 2025-04-10 at 23:32:36.",good
ricky.valencia@gmail.com,leah.edwards@outlook.com,Re: Appointment confirmation for 2025-05-06,"Hello Jason, your monthly report from Tran and Sons is now available.",good
ashley.ramirez@outlook.com,crystal.gentry@msn.com,Details regarding the Function-based foreground model you registered for,"Hi Jeffrey, please review the attached summary of your Innovate scheduled for 2025-04-12.",good
david.huffman@ymail.com,carlos.cline@gmail.com,Can we meet to talk about Streamline transparent paradigms?,"Hi Benjamin, your next billing date is set for 2025-02-05.",good
katherine.luna@gmail.com,paige.pratt@ymail.com,Next steps for Before initiative,"Hello Dustin, the requested documents will be available by 11:11:17 on 2025-06-10.",good
amanda.long@yahoo.com,amanda.johnson@ymail.com,Next steps for Those initiative,"Hello Dana, your Exploit evaluation is complete. Check your inbox on 2025-02-04.",good
nicole.griffin@gmail.com,james.burns@ymail.com,Re: Discussion on Happy scheduled 13:30:46,"Hi Tiffany, please review the attached summary of your Incubate scheduled for 2025-05-30.",good
jeremy.ayala@hotmail.com,caitlin.scott@gmail.com,Happy to announce Enable customized initiatives from Jenkins-Carson,"Dear Rachael, we’ve received your form and will contact you by 01:33:09 on 2025-05-12.",good
derek.anderson@gmail.com,robert.wade@hotmail.com,Quick reminder: Networked fault-tolerant policy on December 2025-03-02,"Hi Heather, we hope to see you at our event in East Kevinton on 2025-03-19.",good
ryan.knight@gmail.com,nicholas.vasquez@gmail.com,Re: Discussion on Serious scheduled 16:50:26,"Hi Kelly, we've attached the agenda for the upcoming call with Rosario-Thompson.",good
kyle.henderson@msn.com,erica.castillo@yahoo.com,Your feedback needed for Drive one-to-one platforms,"Hi Alexander, we've attached the agenda for the upcoming call with Lopez, Hernandez and Ruiz.",good
chase.clark@yahoo.com,alejandro.mcgrath@hotmail.com,Quick reminder: Multi-lateral contextually-based portal on January 2025-01-09,"Hi Jonathan, we’re excited to see you in South Elizabeth this January for the Incubate workshop.",good
christopher.proctor@yahoo.com,dana.campbell@yahoo.com,Quick reminder: Synergistic bandwidth-monitored website on January 2025-05-27,"Hi Manuel, your scheduled visit to Turner, Summers and Long is confirmed for 2025-06-11.",good
russell.griffin@protonmail.com,karen.wall@gmail.com,Invitation to Triple-buffered neutral encoding by Scott-Chen,"Hi Kristina, your next billing date is set for 2025-03-21.",good
lindsay.hodge@ymail.com,melissa.carpenter@outlook.com,Next steps for Remember initiative,"Dear James, don't forget your appointment at 09:07:04 this May.",good
carl.peterson@outlook.com,kenneth.mathews@yahoo.com,New updates about Target from Taylor and Sons,"Hi Veronica, just confirming your upcoming meeting at Kaiser-Russell in Port Michellehaven this April.",good
suzanne.hicks@yahoo.com,brian.gonzales@yahoo.com,Schedule your session on 2025-04-08,"Dear Amanda, please join us at Parsons, Campbell and Sanchez's online session on 2025-02-14.",good
diana.turner@yahoo.com,christopher.singh@hotmail.com,Re: Appointment confirmation for 2025-01-16,"Hi Hailey, please review the attached summary of your Embrace scheduled for 2025-01-18.",good
scott.flowers@outlook.com,lisa.hamilton@yahoo.com,Action Required: Tax review before 2025-01-07,"Hello Catherine, a reminder about your scheduled check-in with Scott Group this July.",good
austin.moreno@msn.com,christopher.burns@hotmail.com,Next steps for Nearly initiative,"Hi Amber, your Incentivize has been successfully scheduled for delivery to South Bettyhaven on 2025-03-29.",good
pamela.mathews@outlook.com,roy.campbell@hotmail.com,You're invited: Total background paradigm on 2025-05-03,"Hello Daisy, please download your receipt from King-Marsh dated 2025-05-14.",good
jeremy.moran@yahoo.com,michelle.burgess@yahoo.com,Details regarding the Realigned grid-enabled moderator you registered for,"Dear Nicole, thank you for contacting Rodriguez, Waters and Huerta. We'll reach out again by 2025-01-11.",good
eric.orozco@gmail.com,lauren.smith@yahoo.com,Important: Strategize innovative convergence update from Braun LLC,"Hi Brenda, just a quick note from our team at Glenn, Anderson and Davis about your Synthesize appointment on 2025-03-19 in North Kennethmouth.",good
debra.merritt@ymail.com,sydney.mason@ymail.com,Can we meet to talk about Incentivize open-source roi?,"Greetings Lori, this is to inform you of your updated Engage status from Mckay-Adkins as of 2025-03-01.",good
misty.gill@ymail.com,clayton.mills@protonmail.com,Next steps for Maybe initiative,"Hello Julie, a reminder about your scheduled check-in with Salazar-Walker this February.",good
james.coleman@hotmail.com,danielle.carr@ymail.com,Important: Orchestrate interactive technologies update from Brown-Carson,"Dear Lauren, thanks for participating in our Morph beta in Teresaberg.",good
bethany.yang@hotmail.com,brandy.smith@yahoo.com,Schedule your session on 2025-02-12,"Dear Ashley, we've assigned your ticket to our Short, Garner and Larsen representative in Roberthaven.",good
deborah.kane@outlook.com,kelly.perry@ymail.com,See you at the Sharable maximized attitude!,"Hi Cindy, we've attached the agenda for the upcoming call with Parsons, Garcia and Santiago.",good
mark.mitchell@ymail.com,brenda.jimenez@protonmail.com,New updates about Incentivize from Scott Inc,"Hi Mallory, we hope you're enjoying your experience with Grow. Let us know how we did!",good
isaiah.berry@gmail.com,tony.james@outlook.com,See you at the Reactive multi-tasking utilization!,"Dear Gregory, don't forget your appointment at 14:37:29 this July.",good
karen.marshall@gmail.com,shane.houston@outlook.com,Happy to announce Extend web-enabled niches from Green-Pearson,"Hi Michael, your Incubate has been successfully scheduled for delivery to Joshuashire on 2025-02-13.",good
william.simpson@hotmail.com,jose.norton@ymail.com,See you at the Robust well-modulated function!,"Hi Tricia, your next billing date is set for 2025-02-02.",good
rebecca.marshall@outlook.com,nathan.smith@yahoo.com,Invitation to Business-focused eco-centric Graphic Interface by Barnes Inc,"Hello Tiffany, your Extend account has been reviewed and updated as of 2025-04-25.",good
dawn.black@msn.com,kevin.robbins@hotmail.com,See you at the Assimilated contextually-based strategy!,"Dear Kimberly, we've assigned your ticket to our George-Willis representative in Lake Larryville.",good
tracy.harris@gmail.com,jose.stanley@msn.com,Final call for Phone session on 2025-05-16,"Dear Bailey, we appreciate your loyalty to Thomas-Cruz. Expect an update by 00:38:41 tomorrow.",good
brenda.rose@gmail.com,sarah.escobar@outlook.com,Final call for Hand session on 2025-01-07,"Hi Allen, your next billing date is set for 2025-05-26.",good
ann.mendoza@hotmail.com,jason.taylor@outlook.com,Don't miss the Empower cutting-edge convergence from Russell Ltd,"Dear Kevin, here’s a summary of your activity in December on Benchmark.",good
jacqueline.sullivan@outlook.com,charles.hall@ymail.com,Your feedback needed for Transform b2b e-services,"Hello Anna, please check your calendar for availability in September.",good
craig.larsen@protonmail.com,troy.jones@hotmail.com,Schedule your session on 2025-04-19,"Hi Gregory, we're confirming your attendance to our Streamline training in Lake Jacobfort.",good
blake.klein@outlook.com,terrence.brown@msn.com,You're invited: Progressive multi-state firmware on 2025-05-14,"Dear Tamara, thank you for choosing Evans, Davis and Larson. Your service will activate on 2025-01-17.",good
dillon.caldwell@gmail.com,amber.berry@gmail.com,Reminder: Your appointment on Thursday,"Hello Alexander, a reminder about your scheduled check-in with Martin-King this June.",good
justin.kirk@outlook.com,frank.benjamin@gmail.com,Schedule your session on 2025-03-03,"Hello Tanya, your order from Thornton Inc will arrive in Toddmouth on 2025-04-24.",good
lisa.roth@outlook.com,jennifer.espinoza@msn.com,Your feedback needed for Morph magnetic architectures,"Hi Elizabeth, please review the attached summary of your Drive scheduled for 2025-03-05.",good
andrew.wong@msn.com,brian.hernandez@outlook.com,Action Required: Senior review before 2025-02-03,"Hello Christy, your trial for Benchmark has been extended through July.",good
jason.brock@msn.com,shelly.harris@outlook.com,Your feedback needed for Generate holistic action-items,"Hello Shaun, a reminder about your scheduled check-in with Moses-Roberts this August.",good
joshua.harris@msn.com,debra.anderson@outlook.com,Your feedback needed for Architect bleeding-edge eyeballs,"Hello Seth, your Enhance evaluation is complete. Check your inbox on 2025-04-29.",good
kevin.nicholson@gmail.com,joshua.cooper@outlook.com,Update: Target leading-edge niches milestone on 2025-05-02,"Hi David, we're confirming your attendance to our Benchmark training in East Benjaminshire.",good
maria.adams@hotmail.com,brandon.meyer@outlook.com,Monthly summary of Repurpose clicks-and-mortar paradigms - December,"Hello Joy, your Repurpose account has been reviewed and updated as of 2025-01-01.",good
yolanda.garner@gmail.com,mary.schwartz@gmail.com,Can we meet to talk about Transition b2c web services?,"Hi Megan, just checking in regarding your experience with Matrix in Adrianmouth.",good
kayla.peterson@outlook.com,melissa.taylor@outlook.com,Invitation to Customizable tangible encoding by Fuller and Sons,"Hello Jeffrey, a reminder about your scheduled check-in with Escobar PLC this April.",good
jack.terrell@outlook.com,justin.bowman@msn.com,New updates about Grow from Hill PLC,"Dear James, we’re preparing your shipment to Travischester and it should arrive by 2025-05-22.",good
debra.gibson@yahoo.com,kimberly.ross@yahoo.com,Action Required: Laugh review before 2025-05-19,"Hello Barbara, your Incubate evaluation is complete. Check your inbox on 2025-05-15.",good
keith.manning@protonmail.com,candice.davis@ymail.com,See you at the Function-based real-time budgetary management!,"Hi Christine, your next billing date is set for 2025-04-25.",good
melissa.lee@msn.com,christopher.lester@gmail.com,Final call for However session on 2025-04-04,"Hi Michael, we've attached the agenda for the upcoming call with Olson, Riley and Jones.",good
brandi.williams@yahoo.com,cody.alvarado@protonmail.com,Monthly summary of Reinvent revolutionary methodologies - January,"Dear Christopher, thanks for participating in our Utilize beta in Josephstad.",good
jacob.dunn@hotmail.com,philip.anderson@msn.com,Update: Deliver extensible web services milestone on 2025-03-30,"Hello Christopher, we're looking forward to seeing you in Kristentown this March at 10:21:59.",good
chelsey.garza@gmail.com,sarah.pineda@ymail.com,Join us for the Exploit value-added partnerships this Sunday,"Hello Anna, please download your receipt from Valentine, Davis and Wells dated 2025-01-20.",good
norman.jensen@outlook.com,robert.ingram@msn.com,Re: Discussion on Eye scheduled 01:50:32,"Hello Christopher, your Synthesize evaluation is complete. Check your inbox on 2025-01-02.",good
jodi.mann@protonmail.com,emily.allison@gmail.com,Action Required: Admit review before 2025-02-17,"Dear Lauren, don't forget your appointment at 05:29:23 this December.",good
amber.young@protonmail.com,sara.jackson@msn.com,"Happy to announce Iterate bricks-and-clicks schemas from Robinson, Rodriguez and Reed","Hello Matthew, a reminder about your scheduled check-in with Campos and Sons this February.",good
pamela.rangel@hotmail.com,theresa.hughes@gmail.com,Details regarding the Synergized 5thgeneration instruction set you registered for,"Hello Michele, the requested documents will be available by 01:05:32 on 2025-01-17.",good
lindsey.smith@gmail.com,joshua.ellis@yahoo.com,Happy to announce Engineer bricks-and-clicks eyeballs from Stevens Ltd,"Hello Virginia, please download your receipt from Munoz Group dated 2025-04-02.",good
kristy.collins@outlook.com,julie.cunningham@yahoo.com,Upcoming Expanded system-worthy strategy this Wednesday,"Hello Samantha, your trial for Visualize has been extended through April.",good
michael.salas@ymail.com,kenneth.thomas@hotmail.com,Happy to announce E-enable global infrastructures from Porter-Turner,"Hi Angela, please confirm your availability for our meeting on 2025-05-25 at 13:56:16.",good
nathan.smith@hotmail.com,melissa.woodard@ymail.com,Reminder: Your appointment on Tuesday,"Dear Brooke, we’re preparing your shipment to East Leslie and it should arrive by 2025-06-01.",good
marissa.patterson@outlook.com,christopher.valenzuela@yahoo.com,"Invitation to Compatible 4thgeneration algorithm by Sullivan, Stevens and Ramsey","Hi Nathan, your scheduled visit to Gonzalez, Mason and Schultz is confirmed for 2025-03-11.",good
nathaniel.martin@msn.com,renee.rosales@protonmail.com,Your feedback needed for Aggregate b2b interfaces,"Hi Harold, we've attached the agenda for the upcoming call with Rivera-Olson.",good
jason.colon@protonmail.com,jason.schroeder@hotmail.com,"New updates about Embrace from Flowers, Edwards and Hickman","Dear Jessica, here’s a summary of your activity in February on Re-intermediate.",good
suzanne.diaz@protonmail.com,traci.mccoy@outlook.com,Upcoming Centralized 24hour structure this Monday,"Hello Christopher, your trial for Extend has been extended through October.",good
kara.ward@hotmail.com,faith.wood@hotmail.com,Update: Empower magnetic synergies milestone on 2025-03-11,"Hi Robert, your scheduled call with Hines, Martinez and Norton is on 2025-03-14 at 03:07:48.",good
alexander.flores@outlook.com,jay.harris@yahoo.com,"Invitation to Face-to-face zero-defect implementation by Clark, Stanley and Brown","Dear Heather, please join us at Wade PLC's online session on 2025-04-21.",good
joseph.pratt@outlook.com,cynthia.booker@protonmail.com,Let's discuss Set at 05:44:10,"Dear Samantha, please join us at Mccullough-Nelson's online session on 2025-01-09.",good
lisa.cole@yahoo.com,frances.rios@outlook.com,Next steps for Put initiative,"Hi David, we're confirming your attendance to our Repurpose training in Andersontown.",good
jason.carrillo@gmail.com,kevin.french@outlook.com,See you at the Pre-emptive directional hub!,"Hello Samantha, our team will be in touch by 12:07:43 on 2025-02-24.",good
erin.aguilar@hotmail.com,charles.johnson@outlook.com,Action Required: Big review before 2025-05-21,"Hi Ronald, we've attached the agenda for the upcoming call with Williams, Guzman and Smith.",good
carmen.mann@msn.com,devon.brady@outlook.com,Invitation to Organized asynchronous analyzer by Flores-Clarke,"Hi Robert, just checking in regarding your experience with Target in South Christopher.",good
charles.maynard@ymail.com,frank.jenkins@hotmail.com,Join us for the Mesh efficient e-tailers this Wednesday,"Dear Melanie, we’ve received your form and will contact you by 11:04:28 on 2025-05-08.",good
jordan.brown@ymail.com,andrea.henderson@protonmail.com,Re: Appointment confirmation for 2025-04-04,"Hi Kyle, we’re excited to see you in North Wesley this February for the Mesh workshop.",good
ryan.sanchez@protonmail.com,jacqueline.gray@yahoo.com,Let's discuss Week at 17:50:03,"Hello George, please check your calendar for availability in May.",good
ashley.marsh@ymail.com,kimberly.wood@protonmail.com,Final call for Myself session on 2025-03-24,"Greetings Ruth, this is to inform you of your updated Facilitate status from Glass-Vargas as of 2025-02-09.",good
billy.soto@hotmail.com,april.whitaker@gmail.com,Schedule your session on 2025-04-30,"Dear Amanda, we noticed a recent activity from Sharonbury on your Incentivize.",good
michael.hernandez@protonmail.com,michaela.morris@yahoo.com,Invitation to Realigned demand-driven database by Ray Ltd,"Hi Bridget, we've attached the agenda for the upcoming call with Alvarez, Hanson and Gaines.",good
nicole.taylor@yahoo.com,david.pierce@ymail.com,Final call for First session on 2025-03-24,"Hi Tanner, we hope you're enjoying your experience with Expedite. Let us know how we did!",good
amanda.sullivan@protonmail.com,matthew.salazar@protonmail.com,Agenda for upcoming Target robust eyeballs review,"Hi Christopher, your scheduled visit to Carpenter-Martin is confirmed for 2025-02-13.",good
john.martinez@gmail.com,jennifer.mullins@hotmail.com,Details regarding the Integrated neutral ability you registered for,"Hello Sara, the requested documents will be available by 16:12:06 on 2025-03-11.",good
julia.johnston@ymail.com,richard.scott@ymail.com,Agenda for upcoming Engineer revolutionary paradigms review,"Hello Erin, the requested documents will be available by 02:19:59 on 2025-05-13.",good
kimberly.yang@ymail.com,ashley.clark@msn.com,"Happy to announce Unleash wireless portals from Steele, Kline and Wallace","Dear Mathew, please join us at Burnett, Osborne and Johnson's online session on 2025-03-20.",good
lisa.kim@hotmail.com,jamie.davis@msn.com,Update: Facilitate revolutionary e-markets milestone on 2025-02-26,"Dear James, we appreciate your loyalty to Moore-Vazquez. Expect an update by 03:14:42 tomorrow.",good
jesse.mays@protonmail.com,danielle.benson@gmail.com,Let's discuss Authority at 14:39:06,"Dear Trevor, thank you for choosing Bond-Hansen. Your service will activate on 2025-01-06.",good
john.hardin@msn.com,dakota.morgan@msn.com,Update: Synergize revolutionary e-markets milestone on 2025-05-07,"Hi William, we've attached the agenda for the upcoming call with Nichols Group.",good
paul.rodriguez@outlook.com,veronica.doyle@ymail.com,Next steps for Professional initiative,"Hello Lori, your Deploy account has been reviewed and updated as of 2025-03-24.",good
jeffrey.newman@protonmail.com,jeremy.campos@msn.com,Agenda for upcoming Leverage back-end portals review,"Dear Timothy, we’ve received your form and will contact you by 08:15:37 on 2025-02-13.",good
michael.thomas@outlook.com,susan.mathis@msn.com,"Happy to announce Grow back-end synergies from Mendoza, Chan and Alexander","Hi Alice, we're happy to announce a new upgrade to Morph, launching on 2025-01-19.",good
gordon.pearson@msn.com,micheal.sanchez@ymail.com,Quick reminder: Re-contextualized interactive portal on June 2025-02-02,"Hello Jessica, your Synthesize account has been reviewed and updated as of 2025-05-20.",good
melinda.travis@ymail.com,susan.higgins@ymail.com,Let's discuss Read at 07:11:54,"Dear Andrea, we’re preparing your shipment to Walterview and it should arrive by 2025-02-01.",good
jake.cox@outlook.com,michelle.hartman@protonmail.com,Happy to announce Monetize proactive mindshare from White and Sons,"Dear Zachary, don't forget your appointment at 17:05:52 this April.",good
aaron.wilson@yahoo.com,hannah.lloyd@hotmail.com,Re: Discussion on Yard scheduled 23:56:46,"Dear Amber, thank you for contacting Mann-Martinez. We'll reach out again by 2025-06-09.",good
elizabeth.perry@yahoo.com,tiffany.jensen@protonmail.com,New updates about Enable from Bruce-Booth,"Hello Carolyn, your trial for Grow has been extended through November.",good
sandra.mckinney@hotmail.com,brianna.medina@protonmail.com,You're invited: Open-architected eco-centric hardware on 2025-05-25,"Dear Margaret, we’re preparing your shipment to Darrylchester and it should arrive by 2025-03-24.",good
kevin.christensen@protonmail.com,sarah.howe@gmail.com,Important: Optimize collaborative solutions update from Wilson-Anderson,"Dear Ashley, please join us at Schmidt-Mcbride's online session on 2025-05-23.",good
tiffany.martin@yahoo.com,rachael.anderson@msn.com,Can we meet to talk about Monetize compelling web services?,"Dear Christopher, please join us at Schaefer Inc's online session on 2025-01-04.",good
jessica.holt@outlook.com,darryl.gibson@gmail.com,Details regarding the Multi-channeled bandwidth-monitored benchmark you registered for,"Dear Sarah, please join us at Chandler, Mann and Ward's online session on 2025-02-25.",good
lance.rich@yahoo.com,pamela.mcbride@hotmail.com,"Important: Orchestrate distributed architectures update from Brewer, Dennis and Graham","Hi Patricia, we've attached the agenda for the upcoming call with James, Porter and Hall.",good
courtney.malone@yahoo.com,dawn.johnson@hotmail.com,Re: Discussion on Mean scheduled 23:22:20,"Hello Melissa, your password reset link was sent at 19:34:04 today.",good
heidi.dorsey@outlook.com,cathy.jones@outlook.com,Can we meet to talk about Revolutionize e-business initiatives?,"Hi Tina, we're happy to announce a new upgrade to E-enable, launching on 2025-03-07.",good
debbie.walker@hotmail.com,brian.hernandez@gmail.com,Your feedback needed for Generate impactful solutions,"Dear Andrea, thank you for choosing Davis, Allen and Parsons. Your service will activate on 2025-04-27.",good
rebecca.dominguez@msn.com,dennis.thomas@yahoo.com,Don't miss the Innovate bricks-and-clicks web services from Ramirez LLC,"Hi Anna, we’re excited to see you in Chapmanburgh this May for the Generate workshop.",good
mallory.hall@outlook.com,anthony.henderson@protonmail.com,Re: Appointment confirmation for 2025-01-21,"Hello Laura, please download your receipt from Knight, Meyer and Wells dated 2025-05-15.",good
margaret.brooks@hotmail.com,lisa.howard@msn.com,Re: Discussion on Although scheduled 10:43:28,"Hi James, we’re excited to see you in North Rachel this June for the Benchmark workshop.",good
ashley.howard@gmail.com,johnny.gregory@hotmail.com,Join us for the Exploit sticky communities this Wednesday,"Dear Taylor, thank you for contacting Combs-Lewis. We'll reach out again by 2025-02-03.",good
audrey.nelson@ymail.com,rodney.escobar@yahoo.com,Don't miss the Transition bricks-and-clicks e-tailers from White-Williams,"Hello Madison, your monthly report from Diaz-Nelson is now available.",good
austin.jordan@gmail.com,jose.lopez@outlook.com,Details regarding the Focused content-based focus group you registered for,"Greetings Heather, this is to inform you of your updated Engage status from Bradley LLC as of 2025-01-04.",good
donna.taylor@outlook.com,zoe.mills@msn.com,Monthly summary of Grow bleeding-edge applications - May,"Hi Morgan, we’re excited to see you in West Regina this May for the Envisioneer workshop.",good
nicole.smith@msn.com,susan.norris@yahoo.com,Can we meet to talk about Enable world-class schemas?,"Hello John, your monthly report from Petersen-Smith is now available.",good
kevin.morales@msn.com,laura.mcintyre@msn.com,Important: Maximize b2b technologies update from Woods LLC,"Dear Jorge, thank you for contacting Diaz, Jackson and Horne. We'll reach out again by 2025-03-04.",good
brandon.henderson@ymail.com,gavin.austin@yahoo.com,Reminder: Your appointment on Monday,"Dear Nicholas, we've updated your records in our system as of 2025-01-26.",good
donna.kelly@ymail.com,david.wang@gmail.com,See you at the Cross-platform reciprocal matrix!,"Dear Joseph, thank you for choosing Porter, Espinoza and Brown. Your service will activate on 2025-05-22.",good
peter.lopez@hotmail.com,sydney.burke@gmail.com,New updates about Benchmark from Nash-Smith,"Dear Jacob, don't forget your appointment at 11:32:08 this October.",good
tracy.carter@protonmail.com,joseph.white@ymail.com,Final call for Street session on 2025-01-24,"Hello Albert, we're looking forward to seeing you in Lake Rebeccastad this April at 01:13:12.",good
nancy.roman@msn.com,brian.molina@protonmail.com,Re: Appointment confirmation for 2025-05-17,"Dear Cody, here’s a summary of your activity in February on Exploit.",good
brittany.atkinson@ymail.com,michelle.kennedy@yahoo.com,Details regarding the Robust systemic support you registered for,"Hi Gregory, please confirm your availability for our meeting on 2025-01-27 at 03:17:17.",good
tracy.huang@gmail.com,lauren.perez@msn.com,Agenda for upcoming Enhance b2c interfaces review,"Hello Jonathon, the requested documents will be available by 07:16:07 on 2025-02-27.",good
kathleen.turner@outlook.com,matthew.king@ymail.com,Monthly summary of Transform plug-and-play paradigms - December,"Hi Daniel, just a quick note from our team at Shepard, Price and Jennings about your Deliver appointment on 2025-01-21 in North Christopher.",good
michelle.chavez@yahoo.com,amber.ward@msn.com,Quick reminder: Balanced human-resource complexity on October 2025-01-10,"Dear Melinda, we appreciate your loyalty to Turner, Walker and Thomas. Expect an update by 18:58:31 tomorrow.",good
mark.bowman@gmail.com,lisa.cisneros@hotmail.com,Reminder: Your appointment on Wednesday,"Dear Cheyenne, thanks for participating in our Incentivize beta in Kingside.",good
kendra.garcia@gmail.com,chris.christensen@hotmail.com,Re: Discussion on Still scheduled 12:38:57,"Dear Jill, we appreciate your loyalty to Parrish, Mason and Freeman. Expect an update by 10:20:54 tomorrow.",good
kaitlyn.brewer@ymail.com,crystal.alvarez@yahoo.com,"Invitation to Reduced transitional time-frame by French, Evans and Johnson","Hi Amanda, just a quick note from our team at Russo LLC about your Visualize appointment on 2025-04-08 in Roberthaven.",good
jessica.montgomery@msn.com,joshua.ashley@yahoo.com,Re: Appointment confirmation for 2025-05-31,"Hi Charlotte, your scheduled call with Lucero-Harris is on 2025-06-04 at 11:01:42.",good
kristin.cooper@ymail.com,anne.roach@hotmail.com,See you at the Phased grid-enabled model!,"Hello Erika, our team will be in touch by 15:47:08 on 2025-02-03.",good
angel.ruiz@protonmail.com,tyler.weiss@yahoo.com,Schedule your session on 2025-05-09,"Dear Erik, thanks for participating in our Strategize beta in Fernandoberg.",good
valerie.harper@gmail.com,stephanie.sharp@outlook.com,Meeting scheduled with Berg LLC on 2025-05-31,"Dear Catherine, thank you for choosing White, Torres and Chambers. Your service will activate on 2025-01-12.",good
veronica.barrett@gmail.com,ryan.morgan@yahoo.com,Meeting scheduled with Johnson-Lyons on 2025-04-07,"Dear Patricia, we’re preparing your shipment to Sarahhaven and it should arrive by 2025-05-17.",good
ryan.west@msn.com,morgan.willis@gmail.com,Join us for the Utilize out-of-the-box convergence this Wednesday,"Dear Tiffany, we noticed a recent activity from Perryside on your Harness.",good
todd.kent@msn.com,cassandra.diaz@msn.com,Your feedback needed for Grow clicks-and-mortar roi,"Hello Erin, please check your calendar for availability in December.",good
charles.noble@yahoo.com,jeremy.martin@yahoo.com,Re: Appointment confirmation for 2025-05-26,"Hello William, our team will be in touch by 12:04:51 on 2025-03-20.",good
jessica.oliver@protonmail.com,sonya.acosta@yahoo.com,Join us for the Envisioneer synergistic e-services this Sunday,"Dear Jill, we’ve received your form and will contact you by 03:57:29 on 2025-04-16.",good
katie.hill@protonmail.com,luis.johnson@ymail.com,New updates about Syndicate from Jones-Barber,"Dear Luke, thank you for choosing Torres, Bradford and Patel. Your service will activate on 2025-06-04.",good
jennifer.burns@gmail.com,sharon.delgado@yahoo.com,Details regarding the Secured stable orchestration you registered for,"Dear Christine, we appreciate your loyalty to Thompson-Nunez. Expect an update by 22:30:56 tomorrow.",good
kenneth.cruz@hotmail.com,stacy.evans@outlook.com,Agenda for upcoming Brand world-class relationships review,"Dear Carol, here’s a summary of your activity in April on Redefine.",good
emily.walker@hotmail.com,christopher.callahan@gmail.com,Action Required: Eight review before 2025-04-19,"Hello Todd, we're looking forward to seeing you in Davidfort this January at 21:35:00.",good
anthony.morton@hotmail.com,sean.obrien@hotmail.com,Meeting scheduled with Hanson-Wright on 2025-02-23,"Hello Sara, your trial for Transform has been extended through August.",good
gloria.simmons@protonmail.com,leroy.hernandez@msn.com,Schedule your session on 2025-02-20,"Hello Gabrielle, your Target evaluation is complete. Check your inbox on 2025-04-30.",good
joseph.solomon@yahoo.com,lawrence.williamson@gmail.com,Meeting scheduled with Gibbs and Sons on 2025-01-15,"Dear Amanda, thanks for participating in our Extend beta in North Lisafort.",good
emily.parrish@ymail.com,carl.taylor@yahoo.com,Let's discuss Whether at 18:25:07,"Hi Noah, just a quick note from our team at Campbell, Burton and Haynes about your Productize appointment on 2025-03-23 in Ericastad.",good
jose.macias@hotmail.com,susan.mcintosh@yahoo.com,Important: Aggregate distributed web-readiness update from Ward-Everett,"Hi Michael, please review the attached summary of your Unleash scheduled for 2025-03-09.",good
corey.white@outlook.com,catherine.thomas@hotmail.com,Happy to announce Strategize transparent e-commerce from Brown-Patel,"Hello James, please download your receipt from Martin, Whitaker and Morris dated 2025-02-22.",good
jeremy.rivera@yahoo.com,brandon.gibbs@ymail.com,Final call for Fill session on 2025-01-14,"Hi Christy, your next billing date is set for 2025-02-11.",good
jane.mcclure@hotmail.com,sarah.nguyen@msn.com,Happy to announce Innovate turn-key paradigms from Bowman-Miller,"Dear Robert, don't forget your appointment at 16:59:19 this January.",good
steven.pope@hotmail.com,larry.smith@gmail.com,Schedule your session on 2025-02-05,"Hello Robyn, your trial for Synergize has been extended through December.",good
james.lewis@ymail.com,brandi.wall@msn.com,Happy to announce Monetize clicks-and-mortar e-tailers from Thompson-Garner,"Hello Kristen, your monthly report from Miller-Shaw is now available.",good
denise.james@protonmail.com,catherine.cruz@gmail.com,Schedule your session on 2025-02-24,"Hi Gregory, just confirming your upcoming meeting at Johnson LLC in New Candace this February.",good
joseph.levy@hotmail.com,jean.chambers@msn.com,See you at the Decentralized real-time migration!,"Hello Sharon, your trial for Re-intermediate has been extended through June.",good
megan.boone@msn.com,joan.garrett@gmail.com,Monthly summary of Exploit robust functionalities - April,"Hi James, we've attached the agenda for the upcoming call with Martinez, Hunter and Hicks.",good
kyle.bradshaw@protonmail.com,nathan.stewart@yahoo.com,Reminder: Your appointment on Saturday,"Hi Jack, please review the attached summary of your Maximize scheduled for 2025-03-24.",good
deanna.miller@msn.com,traci.scott@msn.com,Can we meet to talk about Scale out-of-the-box paradigms?,"Hi Kimberly, your scheduled visit to Guerrero, Mcdonald and Crawford is confirmed for 2025-03-11.",good
maria.richmond@msn.com,jennifer.winters@yahoo.com,Schedule your session on 2025-01-14,"Dear Ronald, we've assigned your ticket to our Mullins and Sons representative in New Lisa.",good
bethany.wilson@gmail.com,joshua.zavala@ymail.com,"Don't miss the Envisioneer ubiquitous channels from Wade, Choi and Watson","Hello Michael, your Repurpose evaluation is complete. Check your inbox on 2025-05-22.",good
stanley.gonzales@protonmail.com,kyle.johnson@msn.com,Next steps for Of initiative,"Hi Tina, we hope you're enjoying your experience with Integrate. Let us know how we did!",good
charles.watson@hotmail.com,tyrone.mccoy@protonmail.com,See you at the Quality-focused bandwidth-monitored functionalities!,"Hello Parker, your trial for Facilitate has been extended through October.",good
johnathan.rodriguez@outlook.com,julia.jenkins@msn.com,Quick reminder: Organic human-resource neural-net on March 2025-03-30,"Hello Jeffrey, please check your calendar for availability in April.",good
george.brown@outlook.com,kimberly.page@gmail.com,Agenda for upcoming Grow plug-and-play communities review,"Dear Janet, please join us at Stephens, Walsh and Carney's online session on 2025-01-07.",good
anthony.acevedo@yahoo.com,madeline.roberts@ymail.com,"Don't miss the Generate bricks-and-clicks niches from Calhoun, Brown and Richardson","Hi Kevin, your next billing date is set for 2025-06-10.",good
sarah.lee@gmail.com,doris.wilson@outlook.com,You're invited: Customizable transitional hardware on 2025-02-14,"Greetings Peter, this is to inform you of your updated Brand status from Johnson, Soto and Brewer as of 2025-05-11.",good
gilbert.bowers@hotmail.com,michael.pierce@ymail.com,See you at the Re-contextualized responsive secured line!,"Dear Lynn, we’ve received your form and will contact you by 10:23:30 on 2025-02-09.",good
christine.davis@ymail.com,deborah.waters@msn.com,Reminder: Your appointment on Tuesday,"Hello Leslie, your Brand account has been reviewed and updated as of 2025-05-23.",good
debbie.soto@msn.com,cameron.horne@outlook.com,Invitation to Secured uniform emulation by Santos and Sons,"Hello David, a reminder about your scheduled check-in with Kaiser Group this October.",good
ellen.harris@hotmail.com,ryan.wise@ymail.com,Invitation to Virtual content-based toolset by Herring and Sons,"Hello Pamela, your password reset link was sent at 18:09:44 today.",good
jacob.ward@gmail.com,krystal.barnes@gmail.com,Agenda for upcoming Revolutionize back-end bandwidth review,"Dear Jose, we've updated your records in our system as of 2025-04-10.",good
briana.williams@ymail.com,jasmine.carter@protonmail.com,New updates about Transform from Green-Huffman,"Dear Amber, please join us at Johnson and Sons's online session on 2025-01-22.",good
johnathan.roberts@ymail.com,daniel.tran@yahoo.com,Final call for Option session on 2025-06-05,"Hi Lauren, we hope you're enjoying your experience with Cultivate. Let us know how we did!",good
thomas.cannon@outlook.com,yvonne.chapman@msn.com,New updates about Harness from Gonzalez-Lopez,"Dear Justin, we've updated your records in our system as of 2025-04-23.",good
jose.potts@hotmail.com,jennifer.gill@ymail.com,Monthly summary of Synthesize viral applications - March,"Hello Robert, we're looking forward to seeing you in Griffinland this March at 17:21:25.",good
william.brown@msn.com,kristin.lara@hotmail.com,Meeting scheduled with Ware Inc on 2025-02-28,"Dear Tammy, we've updated your records in our system as of 2025-03-09.",good
jasmin.brown@msn.com,jo.walker@yahoo.com,Final call for Goal session on 2025-01-20,"Hello James, we're looking forward to seeing you in Arnoldhaven this May at 05:01:17.",good
andrew.johnson@ymail.com,juan.crawford@ymail.com,Monthly summary of Orchestrate integrated web-readiness - August,"Dear Alyssa, don't forget your appointment at 12:40:17 this March.",good
mark.moreno@protonmail.com,angela.wright@ymail.com,Agenda for upcoming Optimize mission-critical users review,"Dear Richard, we’re preparing your shipment to Vincentport and it should arrive by 2025-02-26.",good
allison.griffin@msn.com,debra.vargas@protonmail.com,Join us for the Seize impactful e-tailers this Sunday,"Hello Daniel, your Implement evaluation is complete. Check your inbox on 2025-03-12.",good
steven.richard@protonmail.com,teresa.morris@protonmail.com,Update: Mesh cross-media partnerships milestone on 2025-02-09,"Hello Paula, your monthly report from Houston PLC is now available.",good
howard.cannon@msn.com,karina.sherman@msn.com,Your feedback needed for Generate sticky applications,"Hi Cynthia, your scheduled call with Tanner Inc is on 2025-01-11 at 19:03:04.",good
bradley.davis@outlook.com,jay.owens@msn.com,Re: Discussion on Contain scheduled 18:16:13,"Hi Joshua, we hope to see you at our event in Lake Michael on 2025-02-05.",good
joe.anderson@ymail.com,robert.rogers@ymail.com,Update: Deploy distributed platforms milestone on 2025-02-17,"Hi Robert, your scheduled call with Williams-Landry is on 2025-06-02 at 11:40:10.",good
robert.carter@hotmail.com,christopher.bates@outlook.com,Agenda for upcoming Enable bleeding-edge architectures review,"Hi Jacob, your scheduled visit to Torres-Williamson is confirmed for 2025-05-29.",good
cindy.dominguez@gmail.com,teresa.davis@protonmail.com,Monthly summary of Target collaborative web services - January,"Hi Mark, just a quick note from our team at Berger PLC about your Scale appointment on 2025-04-16 in Aprilstad.",good
ariana.campbell@outlook.com,leslie.carroll@protonmail.com,Details regarding the Total tertiary Graphic Interface you registered for,"Hi Mary, we hope you're enjoying your experience with E-enable. Let us know how we did!",good
andrew.alvarez@outlook.com,janet.smith@hotmail.com,Upcoming Programmable local instruction set this Friday,"Hello Steven, your monthly report from Young, Bentley and Beck is now available.",good
steven.hernandez@ymail.com,amy.curtis@gmail.com,Upcoming Virtual bi-directional time-frame this Thursday,"Hi Melissa, we hope to see you at our event in Port Jaredfurt on 2025-03-14.",good
jessica.adams@outlook.com,alexander.reynolds@yahoo.com,Reminder: Your appointment on Monday,"Dear Jesus, thank you for contacting Haas Ltd. We'll reach out again by 2025-04-23.",good
sandra.copeland@hotmail.com,timothy.lee@gmail.com,"Invitation to Public-key secondary data-warehouse by Palmer, Williams and Roberson","Hello Laura, your Harness account has been reviewed and updated as of 2025-01-02.",good
mark.novak@outlook.com,christopher.lewis@protonmail.com,Action Required: Adult review before 2025-03-18,"Hello Jessica, our team will be in touch by 06:43:43 on 2025-01-12.",good
zachary.ferguson@ymail.com,carly.hunter@gmail.com,Next steps for Rock initiative,"Dear Lauren, thank you for contacting Cross and Sons. We'll reach out again by 2025-01-16.",good
cynthia.figueroa@hotmail.com,justin.anderson@ymail.com,Quick reminder: Universal multi-tasking projection on September 2025-02-05,"Hello Abigail, your Deliver evaluation is complete. Check your inbox on 2025-05-17.",good
sarah.anderson@protonmail.com,bonnie.jackson@gmail.com,Let's discuss Usually at 10:01:19,"Hello Michael, we're looking forward to seeing you in Carolmouth this September at 05:08:21.",good
tracey.mcguire@protonmail.com,john.rodriguez@ymail.com,New updates about Exploit from Johnson-Taylor,"Hi Robert, we hope you're enjoying your experience with Cultivate. Let us know how we did!",good
lindsey.cruz@msn.com,tiffany.watts@ymail.com,Meeting scheduled with Henderson Group on 2025-04-15,"Dear Jean, we noticed a recent activity from North Jenniferside on your Enable.",good
mark.harris@hotmail.com,michelle.mullen@hotmail.com,Join us for the Innovate out-of-the-box mindshare this Sunday,"Hi Joshua, just checking in regarding your experience with Scale in West Jameshaven.",good
sheila.owens@yahoo.com,elizabeth.murphy@hotmail.com,Update: Leverage viral platforms milestone on 2025-05-31,"Hello Jeffrey, our team will be in touch by 14:35:19 on 2025-03-10.",good
aaron.herrera@outlook.com,jennifer.bates@hotmail.com,Final call for Personal session on 2025-05-14,"Dear Gregory, we’re preparing your shipment to Jenniferfurt and it should arrive by 2025-02-01.",good
jason.reyes@yahoo.com,stacy.hart@gmail.com,Let's discuss Any at 13:26:30,"Greetings Alex, this is to inform you of your updated Reinvent status from Mercado-Jones as of 2025-03-02.",good
christopher.rivas@msn.com,jennifer.evans@yahoo.com,You're invited: Synchronized real-time moratorium on 2025-01-23,"Dear Sharon, we’re preparing your shipment to North Alexandermouth and it should arrive by 2025-02-22.",good
brian.shields@msn.com,christina.villa@hotmail.com,Your feedback needed for Engineer 24/365 applications,"Hello Jennifer, we're looking forward to seeing you in Sherriport this December at 01:04:56.",good
steven.harris@msn.com,christopher.smith@yahoo.com,Join us for the Optimize wireless technologies this Wednesday,"Hi Allison, we're confirming your attendance to our Repurpose training in North Jacqueline.",good
alexandra.murray@ymail.com,lindsey.morgan@ymail.com,Agenda for upcoming Brand front-end bandwidth review,"Dear Michael, thanks for participating in our Strategize beta in West Markfort.",good
james.williams@outlook.com,jeffrey.brown@ymail.com,Action Required: Indeed review before 2025-03-21,"Dear Thomas, we’re preparing your shipment to Port Heidi and it should arrive by 2025-02-24.",good
tracy.robertson@outlook.com,terri.washington@protonmail.com,New updates about Revolutionize from Vasquez-Thomas,"Hi Jodi, we're confirming your attendance to our Scale training in South Hunterbury.",good
patrick.bray@outlook.com,daniel.lawrence@gmail.com,Final call for Door session on 2025-03-21,"Hi Denise, we've attached the agenda for the upcoming call with Doyle, Romero and Kelly.",good
tracy.bowen@hotmail.com,steven.yates@ymail.com,"New updates about Enhance from Alexander, Wagner and Donovan","Hello Ruth, your Integrate account has been reviewed and updated as of 2025-05-08.",good
eric.salas@yahoo.com,bailey.wallace@gmail.com,Next steps for Instead initiative,"Hi Diana, we’re excited to see you in East Mark this March for the Utilize workshop.",good
hannah.watts@hotmail.com,todd.campbell@ymail.com,Quick reminder: Realigned fault-tolerant software on February 2025-03-31,"Dear John, please join us at Schaefer and Sons's online session on 2025-01-24.",good
lauren.horn@msn.com,regina.torres@msn.com,Re: Appointment confirmation for 2025-04-20,"Hi Dakota, just confirming your upcoming meeting at Jones PLC in West Jason this November.",good
james.galvan@msn.com,lindsay.jones@gmail.com,Upcoming Switchable national throughput this Saturday,"Dear Jesse, please join us at Lewis, Murphy and Campbell's online session on 2025-04-15.",good
laura.madden@ymail.com,mary.coleman@ymail.com,Action Required: He review before 2025-04-22,"Dear Jason, don't forget your appointment at 18:25:17 this March.",good
nathan.nguyen@hotmail.com,justin.smith@outlook.com,Re: Discussion on Member scheduled 00:29:48,"Hello Benjamin, your order from Adkins-Lowery will arrive in East Gary on 2025-06-04.",good
lauren.giles@hotmail.com,sarah.torres@gmail.com,"Don't miss the Extend e-business platforms from Allen, Stewart and Dunn","Hello Carrie, your Envisioneer account has been reviewed and updated as of 2025-03-27.",good
austin.bailey@hotmail.com,garrett.oneal@outlook.com,Agenda for upcoming Mesh one-to-one schemas review,"Hello Loretta, the requested documents will be available by 17:35:15 on 2025-03-17.",good
terrance.jordan@ymail.com,david.pierce@hotmail.com,Next steps for Area initiative,"Dear Benjamin, thanks for participating in our Utilize beta in Bonniefurt.",good
james.cherry@gmail.com,patricia.ferguson@hotmail.com,Reminder: Your appointment on Sunday,"Dear Troy, we've assigned your ticket to our Johnson, Buchanan and Anderson representative in New Destiny.",good
kimberly.carter@yahoo.com,joseph.waters@protonmail.com,Reminder: Your appointment on Wednesday,"Hello Meagan, a reminder about your scheduled check-in with Hall-Garcia this December.",good
eric.martinez@gmail.com,john.hughes@outlook.com,Your feedback needed for Embrace web-enabled e-tailers,"Dear Jose, thank you for choosing Wood Ltd. Your service will activate on 2025-01-06.",good
barbara.davidson@msn.com,adam.wiggins@ymail.com,Important: Scale world-class paradigms update from Phillips-Foster,"Hi Timothy, please confirm your availability for our meeting on 2025-03-21 at 05:43:00.",good
jennifer.mason@outlook.com,craig.mann@protonmail.com,"Happy to announce Deliver efficient e-services from Ortiz, Holder and Johnson","Greetings Allen, this is to inform you of your updated Facilitate status from Schroeder-Schneider as of 2025-02-08.",good
desiree.shaffer@hotmail.com,amy.rodriguez@gmail.com,Join us for the Scale cross-platform action-items this Saturday,"Hello Mercedes, your monthly report from Lyons, Boyle and Davis is now available.",good
jon.walker@hotmail.com,bobby.allen@yahoo.com,Re: Appointment confirmation for 2025-05-19,"Hi Debra, we hope you're enjoying your experience with Redefine. Let us know how we did!",good
jerry.orr@protonmail.com,levi.johnson@ymail.com,You're invited: Future-proofed mission-critical parallelism on 2025-04-28,"Hi Gabriela, please review the attached summary of your Utilize scheduled for 2025-04-19.",good
jason.smith@hotmail.com,regina.dunn@msn.com,See you at the Multi-layered eco-centric archive!,"Hello Lawrence, your Repurpose evaluation is complete. Check your inbox on 2025-05-14.",good
jacqueline.clark@gmail.com,sarah.moore@hotmail.com,Schedule your session on 2025-04-26,"Hi Michael, just a quick note from our team at Sanford-Fields about your Benchmark appointment on 2025-03-15 in Whitemouth.",good
melissa.marquez@hotmail.com,robert.bryant@ymail.com,Reminder: Your appointment on Tuesday,"Dear Sheri, we appreciate your loyalty to Coleman-Burke. Expect an update by 23:58:40 tomorrow.",good
barbara.larsen@hotmail.com,sarah.hayden@outlook.com,New updates about Cultivate from Sampson PLC,"Dear Nicole, we’ve received your form and will contact you by 07:51:15 on 2025-05-02.",good
katrina.thomas@ymail.com,tina.ortiz@hotmail.com,Monthly summary of Exploit extensible info-mediaries - March,"Hello Bryan, the requested documents will be available by 11:09:39 on 2025-02-23.",good
robert.hansen@gmail.com,daniel.charles@hotmail.com,You're invited: Persevering multi-state strategy on 2025-02-27,"Hi James, just confirming your upcoming meeting at Massey Ltd in Johnberg this January.",good
william.smith@yahoo.com,rita.davis@ymail.com,Let's discuss Measure at 03:23:22,"Dear Jennifer, here’s a summary of your activity in May on Morph.",good
lori.hernandez@protonmail.com,sabrina.elliott@outlook.com,Schedule your session on 2025-06-02,"Hello Linda, your monthly report from Wilson, Parks and Scott is now available.",good
yesenia.sanchez@outlook.com,jerry.smith@ymail.com,Reminder: Your appointment on Thursday,"Dear Colton, we've assigned your ticket to our Johnston, Parker and Bailey representative in Kevinton.",good
marissa.gonzalez@yahoo.com,kimberly.jackson@msn.com,Let's discuss Goal at 11:37:46,"Dear Marissa, thanks for participating in our Monetize beta in Lopezbury.",good
elizabeth.gordon@outlook.com,joseph.jordan@protonmail.com,Agenda for upcoming Optimize synergistic e-services review,"Hello Virginia, your password reset link was sent at 18:56:58 today.",good
janice.crawford@ymail.com,faith.white@ymail.com,Invitation to Customizable well-modulated application by Gomez-Johnson,"Hi Richard, we're confirming your attendance to our Harness training in Timothytown.",good
sherri.doyle@gmail.com,diane.riggs@yahoo.com,Re: Appointment confirmation for 2025-03-01,"Dear James, we’re preparing your shipment to Millerville and it should arrive by 2025-05-21.",good
nichole.rodriguez@outlook.com,samuel.sanchez@yahoo.com,Final call for Service session on 2025-03-10,"Hi Kim, your scheduled call with Salazar-Webb is on 2025-02-13 at 05:43:00.",good
marissa.johnson@hotmail.com,melissa.decker@msn.com,Action Required: Single review before 2025-05-26,"Hi Brandi, just confirming your upcoming meeting at Cox-Gutierrez in North Amberstad this October.",good
todd.morgan@gmail.com,linda.warren@msn.com,Quick reminder: Self-enabling radical complexity on August 2025-04-09,"Hi Tina, we've attached the agenda for the upcoming call with Knight LLC.",good
maria.thomas@ymail.com,ryan.salas@gmail.com,Schedule your session on 2025-04-07,"Dear Jenny, we noticed a recent activity from Port Katelynmouth on your Exploit.",good
kari.gates@yahoo.com,david.rojas@gmail.com,Important: Unleash rich applications update from Rollins-Murphy,"Hello Dawn, we're looking forward to seeing you in Normanside this September at 06:06:06.",good
jonathan.mathis@ymail.com,donald.lynch@hotmail.com,Agenda for upcoming Enhance ubiquitous mindshare review,"Hello Lori, your password reset link was sent at 15:42:15 today.",good
benjamin.robinson@protonmail.com,miguel.hernandez@hotmail.com,Let's discuss Teacher at 18:49:21,"Dear Michael, please join us at Bowen-Wallace's online session on 2025-04-16.",good
samuel.parker@yahoo.com,brandon.newton@hotmail.com,Upcoming Front-line scalable success this Wednesday,"Hello Jennifer, we're looking forward to seeing you in Angelastad this June at 02:43:15.",good
melissa.davis@ymail.com,julie.prince@ymail.com,Re: Appointment confirmation for 2025-01-11,"Hi Monica, we’re excited to see you in New William this February for the Reinvent workshop.",good
anthony.porter@outlook.com,brittany.yoder@ymail.com,Next steps for Determine initiative,"Hello Laura, your password reset link was sent at 10:09:20 today.",good
melissa.best@hotmail.com,stacey.patterson@yahoo.com,Schedule your session on 2025-05-04,"Dear Anthony, we’re preparing your shipment to North Daniellehaven and it should arrive by 2025-04-10.",good
jennifer.kline@yahoo.com,jennifer.bruce@protonmail.com,Agenda for upcoming Repurpose user-centric channels review,"Hello Lindsay, please download your receipt from Brown, Johnson and Garcia dated 2025-01-03.",good
virginia.villegas@outlook.com,gabriel.macias@outlook.com,"Invitation to Grass-roots modular adapter by Rivera, Dyer and Simpson","Hello Joshua, your monthly report from Hudson LLC is now available.",good
kevin.young@ymail.com,tyler.daniels@msn.com,Schedule your session on 2025-03-28,"Hello Loretta, your Deliver evaluation is complete. Check your inbox on 2025-01-17.",good
henry.rogers@ymail.com,adam.case@hotmail.com,Final call for Commercial session on 2025-04-28,"Dear Anthony, we noticed a recent activity from East Laurenport on your Repurpose.",good
mckenzie.montgomery@yahoo.com,jason.clayton@hotmail.com,"Invitation to Persevering web-enabled utilization by Stein, Clark and Jacobs","Dear Elizabeth, thank you for contacting Ryan LLC. We'll reach out again by 2025-05-19.",good
carla.hurley@hotmail.com,michael.brown@gmail.com,Upcoming Virtual executive contingency this Tuesday,"Hello Leslie, please download your receipt from Greer Ltd dated 2025-02-25.",good
matthew.douglas@outlook.com,jason.smith@yahoo.com,Quick reminder: Re-contextualized empowering architecture on December 2025-03-04,"Dear David, here’s a summary of your activity in April on Utilize.",good
jose.davis@protonmail.com,jeffrey.peters@msn.com,Update: Re-intermediate one-to-one platforms milestone on 2025-04-22,"Hi Charles, we’re excited to see you in Hallland this May for the Maximize workshop.",good
bryce.simmons@msn.com,megan.werner@yahoo.com,See you at the Polarized user-facing protocol!,"Dear Robert, we’re preparing your shipment to West Reneeview and it should arrive by 2025-05-06.",good
michael.brown@yahoo.com,suzanne.khan@ymail.com,Monthly summary of Reinvent synergistic content - February,"Hi Elizabeth, your scheduled call with Hayes, Hughes and Reynolds is on 2025-01-26 at 18:09:26.",good
cassandra.mccoy@msn.com,amanda.day@protonmail.com,Monthly summary of Synergize value-added supply-chains - September,"Dear Denise, here’s a summary of your activity in February on Orchestrate.",good
michelle.freeman@yahoo.com,matthew.rivera@hotmail.com,Invitation to Switchable even-keeled extranet by Carter-Hernandez,"Dear Kevin, we've assigned your ticket to our Harrison and Sons representative in Bartonmouth.",good
william.taylor@ymail.com,william.james@msn.com,Final call for Own session on 2025-03-16,"Hello Jennifer, your Extend account has been reviewed and updated as of 2025-04-19.",good
rodney.williams@yahoo.com,mallory.lee@yahoo.com,Happy to announce Iterate clicks-and-mortar web services from Cooper-Dodson,"Dear Tony, please join us at Brewer-Lee's online session on 2025-05-08.",good
donald.martin@protonmail.com,samantha.acosta@protonmail.com,Details regarding the Team-oriented next generation challenge you registered for,"Hello Angelica, the requested documents will be available by 11:37:21 on 2025-01-28.",good
michael.stone@msn.com,kimberly.murray@protonmail.com,Important: Architect wireless interfaces update from Hester LLC,"Dear Kelly, thanks for participating in our Aggregate beta in South Brianside.",good
laura.sanchez@ymail.com,cathy.lewis@gmail.com,Meeting scheduled with Turner and Sons on 2025-05-27,"Hi Rachel, we’re excited to see you in West Lauriemouth this October for the Empower workshop.",good
bethany.warren@ymail.com,gary.hancock@hotmail.com,Re: Discussion on Gas scheduled 16:09:01,"Dear Melissa, we’re preparing your shipment to West Bryan and it should arrive by 2025-01-29.",good
justin.cain@hotmail.com,sarah.house@outlook.com,"Important: Engineer collaborative metrics update from Mosley, Floyd and Jones","Hello Whitney, we're looking forward to seeing you in Jennifertown this May at 18:30:03.",good
joy.stout@yahoo.com,jessica.morales@protonmail.com,"Invitation to Function-based system-worthy help-desk by Joseph, Anderson and Hodges","Hello Stephanie, your order from Parks Ltd will arrive in Port Whitney on 2025-05-29.",good
lisa.young@outlook.com,donna.bridges@protonmail.com,New updates about E-enable from James Group,"Hi Mark, your scheduled call with Wilson LLC is on 2025-05-16 at 12:43:46.",good
rebecca.palmer@msn.com,theresa.morton@hotmail.com,Agenda for upcoming Whiteboard b2b systems review,"Hi Anthony, just a quick note from our team at Russell, Franklin and Ward about your Transition appointment on 2025-05-08 in North Cynthiaborough.",good
cheryl.pierce@msn.com,kristie.smith@hotmail.com,Schedule your session on 2025-02-05,"Hi Judith, your Aggregate has been successfully scheduled for delivery to Scottfort on 2025-04-10.",good
daniel.edwards@outlook.com,betty.aguilar@protonmail.com,"Invitation to Customer-focused logistical analyzer by Moore, Johnson and Reynolds","Hi Jasmine, we've attached the agenda for the upcoming call with Meyer-Young.",good
glenn.pratt@yahoo.com,glenn.cantrell@gmail.com,Reminder: Your appointment on Monday,"Hi Scott, your Synergize has been successfully scheduled for delivery to Rachelmouth on 2025-06-07.",good
robert.franco@yahoo.com,steven.shah@gmail.com,"Meeting scheduled with Harper, Wiggins and Hanna on 2025-04-25","Hello Michael, we're looking forward to seeing you in Wadeburgh this July at 00:39:12.",good
jason.steele@hotmail.com,julie.walker@msn.com,Join us for the Redefine intuitive technologies this Tuesday,"Dear Patrick, thank you for contacting Kim, Soto and Parsons. We'll reach out again by 2025-02-25.",good
timothy.vasquez@hotmail.com,cameron.hubbard@hotmail.com,Happy to announce Generate global action-items from Torres and Sons,"Hello Krystal, a reminder about your scheduled check-in with Leon and Sons this June.",good
brian.benton@msn.com,andrew.williams@outlook.com,Reminder: Your appointment on Monday,"Hello Andrew, the requested documents will be available by 18:52:39 on 2025-02-09.",good
maria.obrien@msn.com,ann.wallace@gmail.com,Re: Appointment confirmation for 2025-04-24,"Greetings Diana, this is to inform you of your updated Envisioneer status from Kennedy and Sons as of 2025-05-07.",good
henry.daniel@hotmail.com,alicia.lee@protonmail.com,Your feedback needed for Innovate interactive content,"Dear Courtney, please join us at Oneill Ltd's online session on 2025-01-10.",good
pamela.taylor@gmail.com,yolanda.doyle@hotmail.com,See you at the Virtual mission-critical policy!,"Hi David, we hope you're enjoying your experience with Evolve. Let us know how we did!",good
tracy.solomon@yahoo.com,sarah.skinner@protonmail.com,"Important: Scale user-centric bandwidth update from Ewing, Wells and Ingram","Hi Anthony, your next billing date is set for 2025-02-11.",good
emily.reilly@ymail.com,laura.walton@msn.com,Next steps for Couple initiative,"Hello Brian, our team will be in touch by 11:18:57 on 2025-01-29.",good
leslie.powell@msn.com,wesley.acevedo@hotmail.com,Meeting scheduled with Wall Inc on 2025-05-19,"Dear Kathy, please join us at Fry PLC's online session on 2025-05-09.",good
andrew.bennett@outlook.com,haley.francis@yahoo.com,You're invited: Synergized impactful workforce on 2025-05-31,"Dear Sergio, don't forget your appointment at 10:13:57 this October.",good
stephen.steele@msn.com,frank.gilbert@ymail.com,Quick reminder: Automated scalable definition on July 2025-03-27,"Dear Cameron, here’s a summary of your activity in June on Drive.",good
sarah.wolfe@ymail.com,greg.howard@ymail.com,Final call for Clearly session on 2025-03-02,"Hello Amanda, your trial for Revolutionize has been extended through June.",good
deborah.nelson@msn.com,robin.chavez@hotmail.com,You're invited: Synergized multimedia orchestration on 2025-03-07,"Hello David, your password reset link was sent at 03:49:02 today.",good
brandon.owens@msn.com,alex.davis@hotmail.com,Happy to announce Extend front-end bandwidth from Andrews PLC,"Hello Andrew, your Implement account has been reviewed and updated as of 2025-06-09.",good
paul.huang@outlook.com,thomas.cooper@msn.com,Details regarding the Reverse-engineered systematic core you registered for,"Hi Heather, your Envisioneer has been successfully scheduled for delivery to Coxborough on 2025-03-21.",good
